name,ticktime,price,volume,prev_price,kind
万孚生物,15:00:35,133.3,26005,133.3,E
沃施股份,15:00:35,67.41,47900,67.2,U
东杰智能,15:00:35,52.8,46100,52.8,E
蓝晓科技,15:00:35,71.0,33150,71.0,E
恒锋工具,15:00:35,100.9,43700,100.9,E
温氏股份,15:00:35,48.39,155700,48.38,E
赛升药业,15:00:32,173.0,47200,172.98,E
中飞股份,15:00:32,114.79,32800,114.85,D
深中华B,15:00:26,6.84,71800,6.84,U
深华发Ｂ,15:00:26,10.09,41100,10.1,D
苏威孚Ｂ,15:00:26,20.6,17600,20.6,D
神州泰岳,15:00:26,13.75,347056,13.75,E
南风股份,15:00:26,26.98,99400,26.98,E
汉威电子,15:00:26,32.49,223700,32.48,U
安科生物,15:00:26,39.9,46700,39.95,D
立思辰,15:00:26,35.35,496230,35.31,E
华测检测,15:00:26,27.75,138400,27.72,E
亿纬锂能,15:00:26,30.06,262100,30.05,E
爱尔眼科,15:00:26,33.6,106711,33.61,E
网宿科技,15:00:26,63.41,171500,63.39,E
大禹节水,15:00:26,17.65,214900,17.64,E
红日药业,15:00:26,19.69,94598,19.69,E
华谊兄弟,15:00:26,41.62,890000,41.62,E
天龙光电,15:00:26,15.71,197900,15.68,E
阳普医疗,15:00:26,21.39,309300,21.38,E
金龙机电,15:00:26,28.62,172000,28.62,E
同花顺,15:00:26,83.08,205400,83.05,E
中科电气,15:00:26,17.24,102300,17.25,D
九洲电气,15:00:26,13.57,253200,13.57,E
赛为智能,15:00:26,28.61,310500,28.6,E
中青宝,15:00:26,33.67,353700,33.66,E
欧比特,15:00:26,44.0,244867,44.0,U
万邦达,15:00:26,23.65,299058,23.65,E
三维丝,15:00:26,21.08,253920,21.08,E
天龙集团,15:00:26,43.36,44200,43.4,D
安诺其,15:00:26,10.85,196000,10.85,E
南都电源,15:00:26,19.17,318550,19.16,E
华谊嘉信,15:00:26,15.7,919736,15.69,E
三聚环保,15:00:26,33.71,101399,33.7,U
GQY视讯,15:00:26,27.75,74400,27.74,E
国民技术,15:00:26,46.2,238850,46.18,E
海默科技,15:00:26,11.42,121300,11.42,U
银之杰,15:00:26,67.65,346864,67.66,E
康芝药业,15:00:26,15.99,229748,15.99,E
文化长城,15:00:26,37.97,129200,37.97,D
盛运环保,15:00:26,11.87,238400,11.87,E
金通灵,15:00:26,35.04,33300,35.05,E
金刚玻璃,15:00:26,38.92,359750,38.9,U
国联水产,15:00:26,28.6,219750,28.6,E
华伍股份,15:00:26,14.24,171000,14.19,E
易联众,15:00:26,27.25,397200,27.31,E
振芯科技,15:00:26,31.34,216405,31.31,E
建新股份,15:00:26,7.51,263000,7.51,U
嘉寓股份,15:00:26,13.78,261200,13.78,E
东方日升,15:00:26,14.99,234300,14.97,E
瑞普生物,15:00:26,20.31,86400,20.32,E
经纬电材,15:00:26,17.7,121500,17.65,U
智飞生物,15:00:26,38.15,72100,38.15,E
太阳鸟,15:00:26,16.48,245300,16.47,E
易世达,15:00:26,31.15,24200,31.11,U
英唐智控,15:00:26,23.97,200386,23.99,E
华策影视,15:00:26,32.95,378400,32.94,E
信维通信,15:00:26,32.18,329352,32.26,E
晨光生物,15:00:26,20.5,38500,20.53,D
汤臣倍健,15:00:26,34.6,346000,34.56,U
神雾环保,15:00:26,53.3,116158,53.31,E
秀强股份,15:00:26,38.06,37250,38.06,D
先锋新材,15:00:26,13.77,372832,13.76,E
通源石油,15:00:26,10.5,110600,10.5,E
天瑞仪器,15:00:26,23.95,103400,23.95,E
东方国信,15:00:26,35.74,186000,35.7,E
迪威视讯,15:00:26,21.75,199900,21.75,E
东富龙,15:00:26,26.94,194300,26.94,E
中电环保,15:00:26,17.33,271847,17.32,E
智慧松德,15:00:26,18.82,1154730,18.8,E
元力股份,15:00:26,27.95,44598,27.95,E
鸿特精密,15:00:26,28.8,67500,28.79,E
腾邦国际,15:00:26,33.05,648952,32.99,E
四方达,15:00:26,9.64,545300,9.63,E
佐力药业,15:00:26,11.82,267030,11.82,E
东软载波,15:00:26,27.96,141114,27.95,E
美亚柏科,15:00:26,46.17,314400,46.17,E
维尔利,15:00:26,23.19,113700,23.18,E
佳士科技,15:00:26,13.93,490270,13.93,E
铁汉生态,15:00:26,17.9,488500,17.9,E
纳川股份,15:00:26,15.59,133096,15.6,E
聚光科技,15:00:26,38.91,261400,38.89,E
理邦仪器,15:00:26,26.7,84800,26.66,E
欣旺达,15:00:26,28.45,204800,28.46,D
森远股份,15:00:26,18.03,36600,18.02,U
亿通科技,15:00:26,29.98,326000,29.97,E
易华录,15:00:26,50.88,139500,50.83,E
日科化学,15:00:26,10.14,382200,10.14,E
电科院,15:00:26,19.74,160300,19.72,E
千山药机,15:00:26,42.95,100700,42.95,E
银禧科技,15:00:26,12.79,149942,12.79,E
北京君正,15:00:26,36.27,78200,36.26,E
正海磁材,15:00:26,24.87,135049,24.87,E
光韵达,15:00:26,40.3,147300,40.26,E
银信科技,15:00:26,27.3,302030,27.29,E
金城医药,15:00:26,32.06,33200,32.06,U
上海新阳,15:00:26,45.36,59927,45.35,E
明家科技,15:00:26,49.96,37700,49.65,E
天玑科技,15:00:26,35.22,220848,35.22,E
新开普,15:00:26,43.48,161850,43.48,E
卫宁软件,15:00:26,46.97,258300,46.97,E
仟源医药,15:00:26,32.17,141600,32.17,E
常山药业,15:00:26,18.15,129300,18.15,U
星星科技,15:00:26,27.4,152625,27.4,D
新天科技,15:00:26,13.27,422400,13.26,U
雅本化学,15:00:26,17.36,180430,17.35,E
尔康制药,15:00:26,34.51,72368,34.51,D
万福生科,15:00:26,31.89,178033,31.98,E
联建光电,15:00:26,30.6,164650,30.4,E
开能环保,15:00:26,23.15,81400,23.15,E
和佳股份,15:00:26,22.05,203800,22.02,E
阳光电源,15:00:26,28.12,919700,28.0,E
梅安森,15:00:26,28.83,65300,28.8,E
和晶科技,15:00:26,50.29,24800,50.29,E
国瓷材料,15:00:26,40.05,29200,40.04,E
飞利信,15:00:26,19.05,513300,19.03,E
朗玛信息,15:00:26,58.82,18800,58.82,E
利德曼,15:00:26,19.8,158500,19.8,E
荣科科技,15:00:26,25.4,177500,25.4,E
蓝英装备,15:00:26,25.13,104823,25.12,E
博雅生物,15:00:26,41.04,48900,41.04,D
三六五网,15:00:26,55.09,57800,55.28,E
蓝盾股份,15:00:26,21.45,750984,21.44,E
三诺生物,15:00:26,36.74,41600,36.74,E
同有科技,15:00:26,82.29,36100,82.28,E
聚飞光电,15:00:26,10.94,203302,10.94,E
云意电气,15:00:26,26.75,76750,26.75,E
裕兴股份,15:00:26,30.77,98000,30.75,E
慈星股份,15:00:26,16.44,243376,16.45,E
中际装备,15:00:26,21.3,150161,21.26,E
戴维医疗,15:00:26,36.8,284418,36.7,E
掌趣科技,15:00:26,15.01,1998304,15.01,E
晶盛机电,15:00:26,15.16,280000,15.15,E
珈伟股份,15:00:26,27.69,158250,27.68,E
博晖创新,15:00:26,24.48,139600,24.48,E
麦捷科技,15:00:26,34.1,76100,34.0,E
海达股份,15:00:26,14.8,145792,14.79,E
硕贝德,15:00:26,20.43,218844,20.42,E
德威新材,15:00:26,18.88,85800,18.89,E
中颖电子,15:00:26,34.2,61300,34.19,E
宜安科技,15:00:26,36.65,74400,36.62,E
华虹计通,15:00:26,19.94,41400,19.93,U
津膜科技,15:00:26,25.89,133500,25.88,E
润和软件,15:00:26,54.53,70750,54.53,E
麦迪电气,15:00:26,24.27,94900,24.25,E
红宇新材,15:00:26,15.03,221560,15.04,E
南大光电,15:00:26,37.95,56859,37.79,E
我武生物,15:00:26,45.44,16300,45.4,E
炬华科技,15:00:26,34.51,121200,34.5,U
东方网力,15:00:26,79.95,28600,79.9,E
安控科技,15:00:26,19.44,36700,19.43,E
汇中股份,15:00:26,38.44,185592,38.35,E
扬杰科技,15:00:26,22.72,116300,22.7,E
鹏翎股份,15:00:26,23.87,229448,23.87,U
赢时胜,15:00:26,98.42,38300,98.43,E
鼎捷软件,15:00:26,65.49,97950,65.44,E
安硕信息,15:00:26,78.41,103010,78.4,E
溢多利,15:00:26,59.8,15300,59.8,U
雪浪环境,15:00:26,45.98,22450,45.98,E
飞天诚信,15:00:26,55.5,65000,55.49,E
天华超净,15:00:26,52.26,55803,52.32,E
腾信股份,15:00:26,45.35,146330,45.37,E
中来股份,15:00:26,61.39,15400,61.3,E
天孚通信,15:00:26,107.38,28700,107.28,U
飞凯材料,15:00:26,77.75,15300,77.75,D
宝色股份,15:00:26,21.98,57800,21.9,U
博济医药,15:00:26,47.51,42100,47.51,U
科隆精化,15:00:26,58.1,15400,58.06,U
九强生物,15:00:26,46.88,46100,46.85,E
迦南科技,15:00:26,49.3,43200,49.29,E
快乐购,15:00:26,45.18,105600,45.18,E
中光防雷,15:00:26,50.23,53900,50.23,D
力星股份,15:00:26,39.92,20900,39.9,E
博世科,15:00:26,50.15,24300,50.15,U
鲁亿通,15:00:26,54.83,38700,54.81,E
四通新材,15:00:26,61.32,33350,61.3,U
强力新材,15:00:26,149.35,29286,149.2,E
富临精工,15:00:26,27.85,63304,27.83,E
中泰股份,15:00:26,69.0,21800,68.99,U
清水源,15:00:26,89.94,13000,89.9,E
鹏辉能源,15:00:26,123.41,20400,123.45,E
美康生物,15:00:26,42.09,45400,42.07,E
普丽盛,15:00:26,73.6,24800,73.6,D
双杰电气,15:00:26,32.5,176300,32.5,E
康斯特,15:00:26,62.11,35900,62.1,E
全信股份,15:00:26,126.22,29200,126.18,E
浩云科技,15:00:26,123.51,25000,123.76,E
汉邦高科,15:00:26,126.95,13000,126.98,E
先导智能,15:00:26,101.4,56900,101.4,E
山河药辅,15:00:26,118.7,25300,118.61,E
三鑫医疗,15:00:26,79.38,28700,79.38,D
赢合科技,15:00:26,73.35,46500,73.33,E
田中精机,15:00:26,67.99,72100,67.99,E
迈克生物,15:00:26,114.06,11800,114.0,E
迅游科技,15:00:26,109.3,133650,109.63,E
信息发展,15:00:26,134.47,26900,134.45,U
德尔股份,15:00:26,102.45,85900,102.22,E
合纵科技,15:00:26,57.39,74800,57.38,U
杭州高新,15:00:26,71.52,75200,71.53,E
神思电子,15:00:26,108.0,27000,108.25,D
光力科技,15:00:26,68.78,76300,68.78,E
南  玻Ｂ,15:00:23,7.1,212400,7.1,U
深深房Ｂ,15:00:23,7.29,46500,7.29,U
山  航Ｂ,15:00:23,23.99,25100,23.99,U
长  安Ｂ,15:00:23,17.1,94279,17.22,D
中  鲁Ｂ,15:00:23,9.14,23000,9.14,D
特锐德,15:00:23,30.14,438288,30.11,E
乐普医疗,15:00:23,39.54,97800,39.53,E
探路者,15:00:23,23.58,227500,23.56,U
上海佳豪,15:00:23,26.72,65400,26.73,D
鼎汉技术,15:00:23,27.87,101000,27.86,E
中元华电,15:00:23,36.03,72900,36.01,U
硅宝科技,15:00:23,16.24,95098,16.24,E
吉峰农机,15:00:23,11.43,645600,11.43,E
宝德股份,15:00:23,39.79,33900,39.84,D
机器人,15:00:23,73.71,330834,73.7,E
钢研高纳,15:00:23,27.48,179800,27.46,U
新宙邦,15:00:23,47.09,90800,47.09,D
上海凯宝,15:00:23,14.48,394300,14.48,E
回天新材,15:00:23,25.5,227700,25.48,U
朗科科技,15:00:23,47.02,50200,46.93,U
华力创通,15:00:23,24.75,572764,24.74,U
台基股份,15:00:23,24.68,170300,24.65,E
天源迪科,15:00:23,26.6,147709,26.6,E
世纪鼎利,15:00:23,39.57,65200,39.55,U
三五互联,15:00:23,24.0,340228,24.0,E
万顺股份,15:00:23,17.79,197100,17.79,E
蓝色光标,15:00:23,15.11,1508096,15.14,E
东方财富,15:00:23,59.38,757952,59.33,E
豫金刚石,15:00:23,14.41,201244,14.41,E
当升科技,15:00:23,38.48,54500,38.45,E
华平股份,15:00:23,15.51,320860,15.49,U
数字政通,15:00:23,32.6,275862,32.6,E
数码视讯,15:00:23,13.38,1845000,13.37,E
易成新能,15:00:23,10.75,303000,10.75,E
奥克股份,15:00:23,8.28,196200,8.26,E
荃银高科,15:00:23,11.8,274000,11.81,D
智云股份,15:00:23,45.49,38200,45.5,E
高新兴,15:00:23,19.36,1196000,19.36,E
尤洛卡,15:00:23,25.55,44131,25.55,D
双林股份,15:00:23,27.61,165740,27.63,E
乾照光电,15:00:23,9.58,540000,9.53,E
龙源技术,15:00:23,11.41,288402,11.41,E
西部牧业,15:00:23,20.12,130500,20.12,D
双龙股份,15:00:23,17.24,106200,17.24,D
新开源,15:00:23,77.91,19821,77.9,E
向日葵,15:00:23,6.45,555400,6.44,E
万讯自控,15:00:23,20.6,194500,20.58,E
中航电测,15:00:23,48.0,35406,48.0,U
长盈精密,15:00:23,33.31,49400,33.31,U
坚瑞消防,15:00:23,10.85,230150,10.85,E
阳谷华泰,15:00:23,13.51,157600,13.52,D
汇川技术,15:00:23,46.88,122400,46.85,E
锐奇股份,15:00:23,18.94,165900,18.93,U
银河磁体,15:00:23,18.4,89783,18.4,U
锦富新材,15:00:23,25.16,289200,25.17,D
泰胜风能,15:00:23,9.37,253800,9.36,E
新国都,15:00:23,40.88,131100,40.88,U
大富科技,15:00:23,33.7,1070688,33.7,E
宝利国际,15:00:23,8.93,993736,8.9,E
先河环保,15:00:23,21.34,86600,21.31,E
晓程科技,15:00:23,18.23,96800,18.22,U
启源装备,15:00:23,26.68,458100,26.67,E
宋城演艺,15:00:23,31.0,409087,31.26,E
南方泵业,15:00:23,47.78,25400,47.77,U
香雪制药,15:00:23,23.87,356000,23.87,E
世纪瑞尔,15:00:23,15.62,226097,15.61,E
昌红科技,15:00:23,22.31,616800,22.3,E
科融环境,15:00:23,12.27,497000,12.27,E
瑞凌股份,15:00:23,14.85,200500,14.83,E
安居宝,15:00:23,18.39,297585,18.39,E
恒泰艾普,15:00:23,12.41,194100,12.42,D
振东制药,15:00:23,19.49,39400,19.49,U
新研股份,15:00:23,15.62,285900,15.62,U
华中数控,15:00:23,34.44,34900,34.43,U
汉得信息,15:00:23,21.37,758300,21.37,E
朗源股份,15:00:23,12.3,351450,12.29,U
中海达,15:00:23,19.61,195600,19.6,U
华峰超纤,15:00:23,16.19,56500,16.18,U
捷成股份,15:00:23,24.19,239600,24.19,U
力源信息,15:00:23,19.11,189400,19.1,U
通裕重工,15:00:23,9.2,266300,9.2,U
永清环保,15:00:23,49.94,145300,49.9,E
神农基因,15:00:23,8.47,973504,8.46,E
潜能恒信,15:00:23,44.41,229100,44.39,E
长荣股份,15:00:23,24.9,163600,24.88,E
长海股份,15:00:23,33.82,50600,33.83,D
翰宇药业,15:00:23,26.5,146300,26.48,U
高盟新材,15:00:23,16.95,177900,16.89,E
海伦哲,15:00:23,20.36,204348,20.36,E
聚龙股份,15:00:23,37.1,194600,37.19,D
舒泰神,15:00:23,38.66,71915,38.61,U
天喻信息,15:00:23,23.57,390600,23.58,E
恒顺众N,15:00:23,21.98,418200,21.97,E
佳讯飞鸿,15:00:23,40.69,54050,40.69,E
东方电热,15:00:23,15.11,208953,15.1,U
安利股份,15:00:23,16.44,41804,16.45,D
鸿利光电,15:00:23,15.25,361352,15.25,E
金力泰,15:00:23,8.75,339400,8.74,E
上海钢联,15:00:23,54.6,154000,54.56,E
拓尔思,15:00:23,35.29,259896,35.27,E
美晨科技,15:00:23,12.05,229400,12.04,E
东宝生物,15:00:23,17.5,91100,17.49,U
飞力达,15:00:23,21.36,168200,21.36,E
迪安诊断,15:00:23,73.2,45082,73.19,U
宝莱特,15:00:23,36.85,257100,36.81,U
依米康,15:00:23,28.48,70800,28.44,U
光线传媒,15:00:23,33.44,777600,33.5,E
金信诺,15:00:23,38.89,56800,38.89,E
开山股份,15:00:23,30.49,189800,30.5,D
新莱应材,15:00:23,33.36,69400,33.25,U
隆华节能,15:00:23,22.95,643852,22.87,U
佳创视讯,15:00:23,19.56,189875,19.53,E
兴源环境,15:00:23,53.3,110200,53.05,U
中威电子,15:00:23,21.33,73222,21.33,E
华宇软件,15:00:23,55.3,142369,55.23,U
三丰智能,15:00:23,27.6,305071,27.58,U
海联讯,15:00:23,47.91,173100,47.89,E
华昌达,15:00:23,20.89,80800,20.9,E
汇冠股份,15:00:23,34.12,70900,34.11,E
温州宏丰,15:00:23,14.16,59700,14.16,E
苏交科,15:00:23,22.95,160272,22.89,U
安科瑞,15:00:23,33.77,42100,33.82,D
华录百纳,15:00:23,40.96,79600,40.95,U
吴通控股,15:00:23,46.6,33400,46.6,U
利亚德,15:00:23,24.22,141200,24.22,E
汉鼎股份,15:00:23,30.29,164800,30.27,U
长方照明,15:00:23,9.45,443573,9.42,E
吉艾科技,15:00:23,23.53,327000,23.52,E
任子行,15:00:23,42.58,189900,42.53,U
邦讯技术,15:00:23,48.51,160000,48.56,E
同大股份,15:00:23,112.07,18305,112.07,D
天壕环境,15:00:23,23.96,87200,23.95,E
兆日科技,15:00:23,52.99,537600,52.99,E
新文化,15:00:23,42.31,126000,42.34,E
银邦股份,15:00:23,9.69,292060,9.68,U
开元仪器,15:00:23,18.55,203300,18.55,U
联创股份,15:00:23,106.55,15200,106.52,U
泰格医药,15:00:23,31.9,94700,31.9,U
北信源,15:00:23,62.8,81000,62.6,E
东土科技,15:00:23,25.53,174500,25.49,U
东华测试,15:00:23,43.83,20500,43.75,U
全通教育,15:00:23,97.81,76665,97.81,E
天保重装,15:00:23,49.17,19400,49.22,D
中文在线,15:00:23,206.51,30040,206.51,E
创意信息,15:00:23,78.0,77900,77.8,E
绿盟科技,15:00:23,55.74,141400,55.74,U
欣泰电气,15:00:23,18.27,62500,18.25,E
恒通科技,15:00:23,28.02,91600,27.98,E
东方通,15:00:23,134.88,11500,134.88,E
光环新网,15:00:23,67.55,144300,67.55,E
国祯环保,15:00:23,36.0,136600,35.99,E
艾比森,15:00:23,40.48,44800,40.48,U
康跃科技,15:00:23,22.85,57600,22.83,E
菲利华,15:00:23,44.84,98800,44.8,E
迪瑞医疗,15:00:23,50.39,60500,50.35,U
天和防务,15:00:23,94.64,41200,94.63,U
京天利,15:00:23,64.1,48900,64.13,U
劲拓股份,15:00:23,42.62,145950,42.62,U
地尔汉宇,15:00:23,60.75,29365,60.75,U
三环集团,15:00:23,36.84,59000,36.84,D
道氏技术,15:00:23,54.2,18600,54.2,D
正业科技,15:00:23,57.59,142445,57.6,D
伊之密,15:00:23,24.14,87500,24.14,E
南华仪器,15:00:23,112.58,19214,112.58,E
昆仑万维,15:00:23,50.03,438554,50.02,E
浩丰科技,15:00:23,234.99,17566,235.16,D
航新科技,15:00:23,87.95,31400,87.94,U
环能科技,15:00:23,46.05,83420,46.0,E
诚益通,15:00:23,63.0,58036,62.98,U
蓝思科技,15:00:23,88.0,44500,87.99,E
金石东方,15:00:23,74.13,16900,74.13,D
广生堂,15:00:23,90.5,29821,90.51,D
运达科技,15:00:23,91.29,18300,91.3,E
金雷风电,15:00:23,234.7,30850,234.87,E
乐凯新材,15:00:23,123.45,10000,123.38,E
创业软件,15:00:23,211.88,27200,211.66,E
康拓红外,15:00:23,49.7,72500,49.64,U
全志科技,15:00:23,102.27,22400,102.28,E
惠伦晶体,15:00:23,37.23,74500,37.2,E
华铭智能,15:00:23,36.98,60200,36.95,U
星徽精密,15:00:23,53.95,69100,53.86,U
高伟达,15:00:23,97.25,43216,97.19,E
赛摩电气,15:00:23,83.99,265399,83.83,E
四方精创,15:00:23,93.61,20900,93.6,U
新元科技,15:00:23,66.51,21500,66.6,E
聚隆科技,15:00:23,34.33,105800,34.32,E
胜宏科技,15:00:23,59.05,53400,59.04,E
濮阳惠成,15:00:23,57.27,45860,57.22,E
平安银行,15:00:20,12.07,920684,12.06,E
万  科Ａ,15:00:20,22.21,284000,22.21,E
国农科技,15:00:20,46.88,39300,46.89,E
深振业Ａ,15:00:20,11.48,410344,11.49,E
神州高铁,15:00:20,11.8,451500,11.8,E
中国宝安,15:00:20,18.19,1016672,18.19,E
深物业A,15:00:20,14.95,99100,14.94,E
南  玻Ａ,15:00:20,12.06,1259100,12.06,E
沙河股份,15:00:20,22.0,228500,21.89,E
深康佳Ａ,15:00:20,7.46,1104408,7.45,E
深中华A,15:00:20,14.85,242950,14.84,E
深科技,15:00:20,12.85,575496,12.85,E
深赤湾Ａ,15:00:20,19.78,119660,19.79,E
特  力Ａ,15:00:20,92.0,295352,92.0,E
飞亚达Ａ,15:00:20,16.18,142100,16.16,E
深深房Ａ,15:00:20,13.73,324750,13.72,E
富奥股份,15:00:20,9.46,109600,9.46,E
中粮地产,15:00:20,14.73,734800,14.73,E
深桑达Ａ,15:00:20,25.1,85300,25.09,E
深信泰丰,15:00:20,22.41,200868,22.42,E
华联控股,15:00:20,7.85,222348,7.84,E
深南电Ａ,15:00:20,12.89,298119,12.88,E
中集集团,15:00:20,20.73,243760,20.73,D
宝安地产,15:00:20,15.68,142000,15.68,E
中洲控股,15:00:20,21.6,361500,21.5,E
深纺织Ａ,15:00:20,14.65,257500,14.68,D
泛海控股,15:00:20,12.47,145400,12.46,E
德赛电池,15:00:20,61.09,96700,61.09,E
农 产 品,15:00:20,18.32,792176,18.31,E
深圳华强,15:00:20,39.83,181450,39.82,E
中兴通讯,15:00:20,18.63,587600,18.63,E
*ST华赛,15:00:20,12.1,116800,12.09,U
特发信息,15:00:20,27.99,72500,27.99,U
海王生物,15:00:20,20.21,409180,20.2,E
盐 田 港,15:00:20,8.39,159100,8.39,U
深圳机场,15:00:20,8.28,269601,8.28,U
天健集团,15:00:20,18.85,122763,18.84,E
广聚能源,15:00:20,17.34,225300,17.34,E
中信海直,15:00:20,15.47,382776,15.44,E
TCL 集团,15:00:20,4.13,3004896,4.13,E
宜华健康,15:00:20,37.8,42300,37.8,U
中成股份,15:00:20,25.35,151500,25.34,U
*ST川化,15:00:20,10.6,117600,10.58,U
华数传媒,15:00:20,36.18,246472,36.18,E
中联重科,15:00:20,5.45,1478504,5.43,E
常山股份,15:00:20,19.75,288700,19.75,E
国际实业,15:00:20,8.81,212100,8.81,E
申万宏源,15:00:20,11.02,700304,11.02,E
东方市场,15:00:20,6.25,257000,6.24,E
美的集团,15:00:20,30.18,189300,30.18,E
潍柴动力,15:00:20,9.9,476204,9.9,U
许继电气,15:00:20,19.67,286100,19.66,E
冀东水泥,15:00:20,12.14,344728,12.13,E
金 融 街,15:00:20,12.68,189320,12.68,D
华意压缩,15:00:20,9.88,287700,9.88,E
胜利股份,15:00:20,7.85,665700,7.85,E
山东地矿,15:00:20,10.02,505060,10.0,E
沈阳机床,15:00:20,25.89,852476,25.88,E
英特集团,15:00:20,26.8,50700,26.77,E
东旭光电,15:00:20,9.61,1091404,9.61,E
渤海租赁,15:00:20,8.82,230200,8.81,E
合肥百货,15:00:20,10.64,333500,10.64,E
小天鹅Ａ,15:00:20,22.56,28700,22.55,E
通程控股,15:00:20,9.03,98800,9.02,E
吉林化纤,15:00:20,7.79,228584,7.78,U
南京中北,15:00:20,9.15,108300,9.15,U
湖北宜化,15:00:20,7.74,275572,7.74,E
东阿阿胶,15:00:20,50.43,152606,50.43,E
徐工机械,15:00:20,4.37,1527896,4.36,E
华天酒店,15:00:20,9.71,99429,9.71,E
粤高速Ａ,15:00:20,6.78,456500,6.78,E
晨鸣纸业,15:00:20,8.99,172100,8.99,E
山东路桥,15:00:20,7.74,581900,7.74,E
鄂武商Ａ,15:00:20,20.44,79300,20.44,D
绿景控股,15:00:20,37.2,101800,37.2,U
海虹控股,15:00:20,33.55,470460,33.54,E
南华生物,15:00:20,26.65,93000,26.65,E
珠江控股,15:00:20,10.76,148200,10.76,E
中润资源,15:00:20,9.21,394820,9.21,E
华塑控股,15:00:20,9.19,246200,9.2,E
*ST金路,15:00:20,8.56,152500,8.56,E
丽珠集团,15:00:20,51.18,50800,51.18,E
渝 开 发,15:00:20,9.82,454000,9.83,E
国际医学,15:00:20,20.37,606900,20.36,E
荣安地产,15:00:20,7.14,601700,7.13,U
四环生物,15:00:20,7.18,607704,7.18,D
美菱电器,15:00:20,7.34,132500,7.35,E
广州浪奇,15:00:20,15.17,132100,15.12,E
岭南控股,15:00:20,18.7,65800,18.71,E
红 太 阳,15:00:20,17.49,108900,17.52,D
银润投资,15:00:20,77.49,11800,77.39,E
大冷股份,15:00:20,17.91,114788,17.91,E
力合股份,15:00:20,23.39,205500,23.4,E
万 家 乐,15:00:20,9.13,607548,9.12,E
华映科技,15:00:20,15.32,290423,15.3,E
广宇发展,15:00:20,10.9,1463900,10.88,E
云南白药,15:00:20,72.92,31200,72.92,E
粤电力Ａ,15:00:20,7.55,164200,7.54,E
中天城投,15:00:20,10.76,676128,10.76,E
佛山照明,15:00:20,15.47,187960,15.45,E
皖能电力,15:00:20,9.13,982800,9.13,E
中原环保,15:00:20,19.35,146800,19.35,E
金浦钛业,15:00:20,8.71,589400,8.7,E
航天发展,15:00:20,20.61,344400,20.61,E
湖南投资,15:00:20,11.29,200100,11.29,U
江铃汽车,15:00:20,30.77,14700,30.78,D
创元科技,15:00:20,12.94,205400,12.94,E
靖远煤电,15:00:20,9.33,103100,9.35,E
泰山石油,15:00:20,11.71,373000,11.71,U
*ST广夏,15:00:20,7.53,145900,7.53,E
莱茵体育,15:00:20,27.35,919448,27.23,E
万向钱潮,15:00:20,22.67,623700,22.67,E
昆百大Ａ,15:00:20,12.94,69834,12.94,U
陕国投Ａ,15:00:20,12.07,157300,12.07,E
西安民生,15:00:20,15.75,357902,15.73,E
渝三峡Ａ,15:00:20,14.1,186150,14.1,E
海南海药,15:00:20,45.38,127900,45.38,E
海德股份,15:00:20,33.35,77900,33.35,E
泸州老窖,15:00:20,25.6,175821,25.59,E
苏常柴Ａ,15:00:20,11.58,558600,11.55,E
新大洲Ａ,15:00:20,8.23,562500,8.23,E
海马汽车,15:00:20,6.39,592700,6.39,E
粤宏远Ａ,15:00:20,7.14,79600,7.14,D
广东甘化,15:00:20,17.9,161900,17.85,E
威孚高科,15:00:20,24.71,309542,24.7,E
北部湾港,15:00:20,21.5,235600,21.39,U
金叶珠宝,15:00:20,20.2,330200,20.19,E
黔轮胎Ａ,15:00:20,7.3,271300,7.3,E
*ST古汉,15:00:20,23.75,131400,23.84,D
桐 君 阁,15:00:20,22.65,115700,22.62,E
平潭发展,15:00:20,21.27,425100,21.27,E
大通燃气,15:00:20,13.72,125100,13.69,E
古井贡酒,15:00:20,33.4,20695,33.4,E
青岛双星,15:00:20,8.91,535000,8.9,E
建投能源,15:00:20,10.58,125100,10.58,E
韶能股份,15:00:20,12.54,534900,12.53,E
渤海股份,15:00:20,25.8,86700,25.8,U
华媒控股,15:00:20,15.16,424900,15.16,E
阳光股份,15:00:20,5.74,129242,5.74,E
绵世股份,15:00:20,14.87,176500,14.85,E
西安旅游,15:00:20,14.7,44810,14.71,E
*ST蒙发,15:00:20,11.26,62700,11.26,E
焦作万方,15:00:20,7.5,563300,7.48,U
大东海A,15:00:20,17.51,55100,17.51,D
湖北金环,15:00:20,15.94,61210,15.91,E
海航投资,15:00:20,8.2,814400,8.19,U
石油济柴,15:00:20,15.03,107700,15.03,D
海螺型材,15:00:20,15.35,77700,15.35,E
新华联,15:00:20,10.49,116700,10.49,E
恒立实业,15:00:20,17.9,277000,17.87,U
吉林敖东,15:00:20,30.5,377380,30.49,E
长安汽车,15:00:20,16.72,329400,16.72,U
天茂集团,15:00:20,10.84,623800,10.84,E
高新发展,15:00:20,16.9,210001,16.9,E
铜陵有色,15:00:20,3.81,4328416,3.81,E
顺发恒业,15:00:20,10.28,138700,10.27,U
三木集团,15:00:20,10.42,103700,10.43,E
合金投资,15:00:20,16.4,218400,16.33,E
英 力 特,15:00:20,13.19,74200,13.19,U
风华高科,15:00:20,11.13,349828,11.13,U
茂化实华,15:00:20,8.94,573900,8.93,E
万方发展,15:00:20,27.1,154400,27.1,E
西王食品,15:00:20,17.83,80900,17.83,E
仁和药业,15:00:20,10.71,486400,10.71,E
格力电器,15:00:20,21.13,841808,21.13,E
泰达股份,15:00:20,6.49,279300,6.5,E
金科股份,15:00:20,5.67,495896,5.67,E
*ST中富,15:00:20,5.62,243000,5.63,E
长春高新,15:00:20,123.13,19900,123.1,E
索芙特,15:00:20,26.79,81400,26.79,U
永安林业,15:00:20,17.1,70200,17.1,D
湖北广电,15:00:20,20.78,189700,20.79,E
美好集团,15:00:20,5.07,1964304,5.07,E
荣丰控股,15:00:20,28.73,80300,28.78,D
金鸿能源,15:00:20,22.69,90500,22.69,E
盈方微,15:00:20,15.62,477700,15.62,E
阳 光 城,15:00:20,9.99,1422256,9.99,E
上峰水泥,15:00:20,8.82,198900,8.82,E
当代东方,15:00:20,36.66,61179,36.59,E
智度投资,15:00:20,35.9,301500,35.9,E
襄阳轴承,15:00:20,10.25,111000,10.24,U
大连友谊,15:00:20,21.9,330202,21.9,E
山推股份,15:00:20,6.78,191612,6.77,E
视觉中国,15:00:20,37.5,133400,37.48,E
东方电子,15:00:20,6.67,421304,6.67,E
远兴能源,15:00:20,5.44,509882,5.44,U
中山公用,15:00:20,14.32,900650,14.31,U
东北证券,15:00:20,17.79,1079104,17.78,E
华讯方舟,15:00:20,28.5,401900,28.45,E
建新矿业,15:00:20,10.9,734486,10.89,E
宝新能源,15:00:20,10.37,295800,10.36,E
亚太实业,15:00:20,12.28,1009400,12.28,E
华泽钴镍,15:00:20,21.23,682744,21.23,E
炼石有色,15:00:20,28.69,217250,28.69,E
沈阳化工,15:00:20,7.89,624100,7.89,E
模塑科技,15:00:20,25.25,106000,25.25,E
正虹科技,15:00:20,15.74,94500,15.73,E
恒逸石化,15:00:20,11.06,222893,11.06,E
浙江震元,15:00:20,19.0,286554,19.03,E
双环科技,15:00:20,8.7,1330900,8.7,E
大冶特钢,15:00:20,11.24,87327,11.23,E
锦龙股份,15:00:20,28.52,285900,28.5,E
丰乐种业,15:00:20,12.9,161260,12.89,E
中兴商业,15:00:20,13.58,82200,13.55,U
黑芝麻,15:00:20,15.14,231724,15.14,E
韶钢松山,15:00:20,5.22,440400,5.21,E
苏宁环球,15:00:20,13.25,359352,13.25,E
大地传媒,15:00:20,21.31,144016,21.29,E
新能泰山,15:00:20,9.73,574800,9.73,E
西安饮食,15:00:20,9.28,924152,9.28,E
湖南发展,15:00:20,20.29,184100,20.29,U
美锦能源,15:00:20,12.22,551400,12.22,E
京东方Ａ,15:00:20,3.04,3829184,3.03,E
鲁  泰Ａ,15:00:20,14.31,346800,14.31,E
华东科技,15:00:20,10.03,155177,10.01,U
国元证券,15:00:20,24.28,214100,24.26,U
燕京啤酒,15:00:20,8.11,108500,8.12,D
四川美丰,15:00:20,9.66,327000,9.65,E
泰禾集团,15:00:20,25.35,45800,25.33,U
振华科技,15:00:20,22.92,196465,22.95,E
罗 牛 山,15:00:20,7.95,733752,7.96,E
中房地产,15:00:20,17.48,36800,17.42,E
南风化工,15:00:20,6.49,288100,6.48,E
中航动控,15:00:20,33.14,278532,33.1,E
国海证券,15:00:20,12.85,540172,12.85,E
西藏发展,15:00:20,17.91,107968,17.91,E
漳州发展,15:00:20,6.47,557208,6.46,E
山西三维,15:00:20,10.36,434100,10.36,E
新华制药,15:00:20,12.67,172000,12.67,E
浩物股份,15:00:20,11.75,153800,11.75,U
中色股份,15:00:20,15.74,460166,15.75,E
中百集团,15:00:20,8.5,497102,8.46,E
斯太尔,15:00:20,20.81,621800,20.8,E
本钢板材,15:00:20,6.5,842872,6.5,E
西藏矿业,15:00:20,27.85,963076,27.85,E
通化金马,15:00:20,17.88,261400,17.88,E
漳泽电力,15:00:20,5.92,265400,5.91,E
中航飞机,15:00:20,24.96,452464,24.94,E
广发证券,15:00:20,21.15,1066560,21.14,E
中核科技,15:00:20,34.04,344860,34.03,E
新兴铸管,15:00:20,6.64,638200,6.64,E
平庄能源,15:00:20,5.8,270200,5.8,E
长江证券,15:00:20,12.64,775496,12.64,E
武汉中商,15:00:20,15.91,383700,15.67,E
北新建材,15:00:20,12.0,435636,11.99,E
北大医药,15:00:20,14.76,59800,14.74,U
万年青,15:00:20,8.8,1018900,8.8,E
华神集团,15:00:20,16.31,130700,16.31,E
甘肃电投,15:00:20,15.45,120600,15.45,U
盐湖股份,15:00:20,24.01,354100,23.97,E
华闻传媒,15:00:20,14.3,687476,14.34,E
太原刚玉,15:00:20,13.93,596250,13.93,E
中国武夷,15:00:20,23.17,147000,23.17,E
中水渔业,15:00:20,12.69,48100,12.7,E
*ST酒鬼,15:00:20,18.02,118700,18.02,E
四川九洲,15:00:20,28.85,46900,28.83,E
银河生物,15:00:20,28.69,596800,28.69,E
云铝股份,15:00:20,7.89,1191896,7.9,E
铁岭新城,15:00:20,5.79,292672,5.79,D
烟台冰轮,15:00:20,17.41,378198,17.4,E
陕西金叶,15:00:20,13.34,311300,13.33,E
*ST美利,15:00:20,28.15,65900,28.14,E
方大化工,15:00:20,9.1,390100,9.09,E
京山轻机,15:00:20,15.91,294300,15.9,E
山东海化,15:00:20,7.23,311100,7.23,U
超声电子,15:00:20,11.53,286500,11.52,E
太钢不锈,15:00:20,4.18,297500,4.17,U
启迪桑德,15:00:20,39.85,199000,39.8,U
东莞控股,15:00:20,12.42,65700,12.42,E
五矿稀土,15:00:20,21.57,595308,21.57,E
长城动漫,15:00:20,21.69,434200,21.69,E
秦川机床,15:00:20,14.98,207875,14.98,E
承德露露,15:00:20,16.71,379800,16.7,E
华茂股份,15:00:20,8.9,352128,8.9,E
石化机械,15:00:20,21.27,74400,21.27,E
冀东装备,15:00:20,15.21,201150,15.21,E
五 粮 液,15:00:20,25.54,510292,25.54,E
国风塑业,15:00:20,6.45,218800,6.44,E
顺鑫农业,15:00:20,20.33,234900,20.32,E
海印股份,15:00:20,8.51,981760,8.5,E
银星能源,15:00:20,9.57,173200,9.57,E
三湘股份,15:00:20,12.38,309708,12.38,E
安凯客车,15:00:20,9.58,346240,9.58,E
张  裕Ａ,15:00:20,46.0,21343,46.04,E
吉电股份,15:00:20,9.63,631132,9.62,E
天山股份,15:00:20,8.17,193800,8.15,E
云南铜业,15:00:20,14.25,2167760,14.25,E
潍柴重机,15:00:20,15.83,32700,15.8,U
大连国际,15:00:20,17.51,149300,17.51,D
华联股份,15:00:20,5.8,2582352,5.82,E
湖北能源,15:00:20,6.2,388500,6.19,U
同力水泥,15:00:20,14.97,100500,14.97,E
海南高速,15:00:20,7.36,132056,7.36,U
中鼎股份,15:00:20,23.58,414714,23.57,E
峨眉山Ａ,15:00:20,14.74,114400,14.75,U
茂业通信,15:00:20,15.4,125900,15.35,U
法 尔 胜,15:00:20,13.73,116800,13.72,U
东凌粮油,15:00:20,18.17,246891,18.2,E
双汇发展,15:00:20,19.25,114100,19.24,E
津滨发展,15:00:20,5.49,632400,5.49,E
鞍钢股份,15:00:20,4.83,863100,4.83,U
赣能股份,15:00:20,11.3,146000,11.3,D
现代投资,15:00:20,8.33,353900,8.32,E
新洋丰,15:00:20,29.01,128264,29.02,E
云内动力,15:00:20,8.5,168118,8.49,E
厦门港务,15:00:20,13.75,122300,13.74,U
数源科技,15:00:20,18.85,142700,18.83,U
大亚科技,15:00:20,17.89,103100,17.9,E
南宁糖业,15:00:20,18.3,80300,18.29,E
*ST天化,15:00:20,6.97,97900,6.97,U
钱江摩托,15:00:20,11.71,173600,11.74,E
山大华特,15:00:20,34.98,54300,34.97,E
华北高速,15:00:20,5.81,226100,5.81,U
电广传媒,15:00:20,28.35,769200,28.32,E
嘉凯城,15:00:20,5.67,275400,5.67,E
金陵药业,15:00:20,17.25,146612,17.24,U
南方汇通,15:00:20,23.84,110700,23.83,E
海信科龙,15:00:20,10.0,344900,9.99,E
佳电股份,15:00:20,13.53,206700,13.53,E
河北宣工,15:00:20,17.85,273013,17.83,E
福星股份,15:00:20,15.69,586100,15.69,E
*ST夏利,15:00:20,7.4,181500,7.4,E
中钢国际,15:00:20,17.39,218800,17.36,U
中粮生化,15:00:20,15.74,961200,15.74,E
中 关 村,15:00:20,12.68,617398,12.68,E
华菱钢铁,15:00:20,3.09,659600,3.07,U
神火股份,15:00:20,4.49,251792,4.49,E
四川双马,15:00:20,8.14,329832,8.13,E
冀中能源,15:00:20,5.12,450300,5.11,U
紫光股份,15:00:20,102.8,288052,102.8,E
凯迪生态,15:00:20,13.75,303900,13.75,E
新乡化纤,15:00:20,5.2,418300,5.2,E
建峰化工,15:00:20,9.84,254400,9.84,E
中国重汽,15:00:20,17.58,86700,17.58,E
河池化工,15:00:20,15.68,112200,15.68,D
欣龙控股,15:00:20,10.47,451088,10.42,E
中通客车,15:00:20,25.35,114200,25.32,E
东方能源,15:00:20,23.92,186800,23.92,E
锡业股份,15:00:20,13.75,514572,13.75,E
中南建设,15:00:20,16.21,187000,16.22,D
东方钽业,15:00:20,14.6,980900,14.62,E
华东医药,15:00:20,80.8,36623,81.0,D
上风高科,15:00:20,25.92,60300,25.9,U
安泰科技,15:00:20,13.02,178198,13.01,E
中科三环,15:00:20,15.07,227400,15.07,E
佛塑科技,15:00:20,13.0,1466304,12.99,E
银泰资源,15:00:20,14.06,428014,14.03,E
*ST春晖,15:00:20,10.42,123200,10.42,U
浪潮信息,15:00:20,30.74,339600,30.73,E
桂林旅游,15:00:20,13.03,100600,13.03,E
中弘股份,15:00:20,4.19,5019312,4.18,E
西山煤电,15:00:20,5.99,111300,5.98,E
大庆华科,15:00:20,26.97,35800,26.96,E
华工科技,15:00:20,22.18,1263808,22.18,E
九 芝 堂,15:00:20,29.01,29100,29.01,D
诚志股份,15:00:20,25.56,120100,25.56,E
闽东电力,15:00:20,10.55,247200,10.52,U
中国中期,15:00:20,29.15,367600,29.14,E
新 大 陆,15:00:20,24.43,340960,24.43,E
隆平高科,15:00:20,20.36,319900,20.36,E
华润三九,15:00:20,26.7,27700,26.7,U
宗申动力,15:00:20,14.53,304800,14.53,E
豫能控股,15:00:20,14.03,54800,14.04,D
新 和 成,15:00:20,16.6,163408,16.6,E
鸿达兴业,15:00:20,26.46,284300,26.46,E
伟星股份,15:00:20,19.85,186944,19.8,E
华邦健康,15:00:20,15.41,930496,15.41,E
德豪润达,15:00:20,9.32,260800,9.32,E
华兰生物,15:00:20,41.07,65400,41.04,U
大族激光,15:00:20,26.23,231400,26.21,E
天奇股份,15:00:20,19.28,88100,19.28,E
传化股份,15:00:20,24.73,116300,24.72,E
盾安环境,15:00:20,16.18,510700,16.18,E
中航机电,15:00:20,22.14,129301,22.14,E
永新股份,15:00:20,20.97,334100,20.97,D
世荣兆业,15:00:20,13.43,101000,13.43,E
东信和平,15:00:20,18.98,254760,18.98,E
亿帆鑫富,15:00:20,39.54,481548,39.46,E
中捷资源,15:00:20,12.23,119500,12.21,U
科华生物,15:00:20,29.41,553700,29.37,E
海特高新,15:00:20,19.04,170750,19.02,E
苏宁云商,15:00:20,14.08,2865696,14.08,E
航天电器,15:00:20,26.68,198050,26.67,U
山东威达,15:00:20,15.75,435188,15.75,E
思源电气,15:00:20,16.85,360900,16.85,E
七 匹 狼,15:00:20,13.08,411296,13.07,E
巨轮智能,15:00:20,16.66,373028,16.65,E
苏 泊 尔,15:00:20,26.41,16100,26.34,U
丽江旅游,15:00:20,15.25,205200,15.24,E
美 欣 达,15:00:20,44.8,36300,44.82,D
华帝股份,15:00:20,16.32,68400,16.32,E
汉麻产业,15:00:20,28.4,203800,28.35,E
久联发展,15:00:20,27.3,98700,27.29,E
双鹭药业,15:00:20,33.96,545950,33.96,D
黔源电力,15:00:20,19.55,149300,19.55,E
登海种业,15:00:20,16.6,176500,16.59,E
华孚色纺,15:00:20,12.9,215100,12.9,E
国光电器,15:00:20,21.0,319800,20.98,U
宝鹰股份,15:00:20,11.1,269100,11.11,E
三花股份,15:00:20,9.86,421464,9.84,E
中工国际,15:00:20,24.52,69473,24.5,E
同洲电子,15:00:20,13.05,503100,13.04,E
德美化工,15:00:20,13.48,295400,13.47,E
得润电子,15:00:20,39.24,117000,39.24,U
中钢天源,15:00:20,16.87,151100,16.85,U
威 尔 泰,15:00:20,27.83,98800,27.84,E
粤 水 电,15:00:20,9.48,202200,9.47,E
江山化工,15:00:20,8.84,856120,8.83,E
宏润建设,15:00:20,10.14,225952,10.14,E
远光软件,15:00:20,24.05,435000,24.04,E
华峰氨纶,15:00:20,6.65,395700,6.64,E
东华软件,15:00:20,25.17,1213400,25.17,E
瑞泰科技,15:00:20,20.05,105700,20.05,E
景兴纸业,15:00:20,9.82,1260600,9.81,E
黑猫股份,15:00:20,9.13,136900,9.12,E
獐 子 岛,15:00:20,13.96,228175,13.96,E
众和股份,15:00:20,30.26,3479960,30.15,E
长城影视,15:00:20,19.0,197853,19.0,E
凯瑞德,15:00:20,26.45,163600,26.45,E
软控股份,15:00:20,17.04,325400,17.04,U
国轩高科,15:00:20,37.15,201601,37.14,U
雪 莱 特,15:00:20,17.09,238900,17.07,E
太阳纸业,15:00:20,5.5,266100,5.5,E
苏州固锝,15:00:20,10.92,981200,10.92,E
中材科技,15:00:20,25.52,204200,25.51,U
金 螳 螂,15:00:20,19.3,627400,19.29,E
孚日股份,15:00:20,8.26,736252,8.25,E
海鸥卫浴,15:00:20,13.27,385950,13.26,E
东方海洋,15:00:20,29.0,135700,28.98,U
新野纺织,15:00:20,8.37,241100,8.36,U
鲁阳节能,15:00:20,16.66,49200,16.66,E
金智科技,15:00:20,41.3,82951,41.25,E
中泰化学,15:00:20,9.74,791412,9.74,E
国脉科技,15:00:20,14.49,544484,14.48,E
生 意 宝,15:00:20,83.58,188640,83.57,E
南岭民爆,15:00:20,24.24,128200,24.23,U
山河智能,15:00:20,10.36,345450,10.37,E
浔兴股份,15:00:20,15.81,124800,15.81,E
海翔药业,15:00:20,20.59,196750,20.58,E
广东鸿图,15:00:20,28.35,49500,28.35,D
恒宝股份,15:00:20,25.4,867912,25.39,E
信隆实业,15:00:20,11.71,272800,11.71,E
莱宝高科,15:00:20,13.66,231800,13.66,E
沧州明珠,15:00:20,17.73,347548,17.73,E
天润控股,15:00:20,39.51,26300,39.48,E
罗平锌电,15:00:20,21.54,295000,21.53,E
三维通信,15:00:20,16.67,576260,16.66,E
中国海诚,15:00:20,18.55,118179,18.55,E
东港股份,15:00:20,45.69,145099,45.69,D
紫鑫药业,15:00:20,20.41,177622,20.4,U
康强电子,15:00:20,21.84,200800,21.84,E
新海股份,15:00:20,28.06,87525,28.06,E
科陆电子,15:00:20,29.95,116800,29.91,E
天马股份,15:00:20,7.92,182366,7.91,U
荣信股份,15:00:20,22.2,385400,22.19,E
天邦股份,15:00:20,26.42,50500,26.4,E
湘潭电化,15:00:20,24.29,50400,24.29,U
银轮股份,15:00:20,20.6,318500,20.6,U
新民科技,15:00:20,19.29,133579,19.3,E
露天煤业,15:00:20,9.27,463000,9.25,E
沃尔核材,15:00:20,23.9,580324,23.9,E
恒星科技,15:00:20,7.51,253900,7.52,E
广宇集团,15:00:20,10.25,514500,10.25,E
天津普林,15:00:20,14.52,129400,14.53,E
东南网架,15:00:20,12.61,331100,12.63,E
安 纳 达,15:00:20,15.7,160300,15.69,E
拓邦股份,15:00:20,25.1,181630,25.1,E
东华科技,15:00:20,20.63,161700,20.62,E
蓉胜超微,15:00:20,30.13,37300,30.12,U
宏达高科,15:00:20,29.91,205228,29.9,E
中核钛白,15:00:20,14.74,447350,14.73,E
荣盛发展,15:00:20,10.8,533000,10.8,E
北纬通信,15:00:20,24.5,221100,24.49,E
西部材料,15:00:20,30.22,144600,30.25,E
北斗星通,15:00:20,51.83,94895,51.83,D
广电运通,15:00:20,31.83,99500,31.83,E
石基信息,15:00:20,124.1,11400,124.07,U
报 喜 鸟,15:00:20,7.49,837852,7.49,E
湖南黄金,15:00:20,9.16,248088,9.16,D
通富微电,15:00:20,20.37,247748,20.37,E
正邦科技,15:00:20,20.8,72700,20.8,E
汉钟精机,15:00:20,22.78,44023,22.77,E
三特索道,15:00:20,29.3,101500,29.37,E
常铝股份,15:00:20,12.65,423800,12.63,U
悦心健康,15:00:20,14.82,250000,14.82,E
中航三鑫,15:00:20,10.84,246400,10.84,E
红 宝 丽,15:00:20,9.11,475400,9.12,E
东方锆业,15:00:20,11.02,421252,11.02,E
深圳惠程,15:00:20,11.87,543000,11.87,E
芭田股份,15:00:20,13.68,1106800,13.68,E
楚江新材,15:00:20,21.7,99900,21.69,E
澳洋科技,15:00:20,15.59,228300,15.59,D
千足珍珠,15:00:20,29.74,110900,29.74,E
江特电机,15:00:20,18.22,2784096,18.21,E
御银股份,15:00:20,11.16,934600,11.15,E
粤 传 媒,15:00:20,15.43,625000,15.42,E
云海金属,15:00:20,17.6,453096,17.53,E
海得控制,15:00:20,38.82,63300,38.8,E
华天科技,15:00:20,18.46,218000,18.45,E
全 聚 德,15:00:20,22.97,114400,22.98,E
广百股份,15:00:20,16.84,51900,16.84,D
新 嘉 联,15:00:20,43.18,89100,43.1,E
利达光电,15:00:20,35.0,97300,35.01,U
成飞集成,15:00:20,40.84,207644,40.84,U
劲嘉股份,15:00:20,15.02,737880,15.02,E
*ST融捷,15:00:20,46.0,50700,46.0,E
山东如意,15:00:20,19.5,203300,19.42,E
武汉凡谷,15:00:20,17.14,125900,17.14,E
二三四五,15:00:20,38.05,162345,38.04,E
方正电机,15:00:20,31.8,137100,31.79,E
证通电子,15:00:20,28.22,588808,28.21,E
嘉应制药,15:00:20,10.98,631754,10.95,E
东晶电子,15:00:20,17.5,316200,17.43,U
金风科技,15:00:20,20.83,325504,20.83,E
海亮股份,15:00:20,11.65,518000,11.65,E
大连重工,15:00:20,10.32,235040,10.32,D
国统股份,15:00:20,34.25,45877,34.25,E
海 利 得,15:00:20,16.62,105600,16.62,U
合肥城建,15:00:20,25.45,65500,25.4,E
飞马国际,15:00:20,23.45,367662,23.44,E
宏达新材,15:00:20,12.19,460100,12.08,U
南洋股份,15:00:20,13.44,368650,13.43,E
特 尔 佳,15:00:20,20.92,53800,20.92,D
大立科技,15:00:20,14.44,234900,14.43,E
三全食品,15:00:20,11.5,176000,11.49,E
合力泰,15:00:20,19.39,85500,19.4,E
拓日新能,15:00:20,10.68,240287,10.68,U
天宝股份,15:00:20,13.68,159300,13.67,E
东华能源,15:00:20,26.31,154600,26.3,U
福晶科技,15:00:20,26.1,358600,26.11,E
鱼跃医疗,15:00:20,40.4,133700,40.38,E
濮耐股份,15:00:20,7.64,190300,7.62,E
江南化工,15:00:20,9.26,377300,9.25,E
奥 特 迅,15:00:20,43.92,294300,43.92,U
鸿博股份,15:00:20,30.36,203900,30.33,E
科大讯飞,15:00:20,37.37,356264,37.37,U
塔牌集团,15:00:20,14.55,469300,14.55,D
民和股份,15:00:20,16.39,79400,16.39,D
大华股份,15:00:20,39.0,168600,38.99,U
恒邦股份,15:00:20,10.21,405300,10.2,E
天威视讯,15:00:20,23.1,132040,23.1,E
歌尔声学,15:00:20,34.9,363032,34.89,U
九阳股份,15:00:20,22.09,368200,22.09,E
通产丽星,15:00:20,13.87,90100,13.86,E
滨江集团,15:00:20,8.57,756800,8.57,D
华东数控,15:00:20,19.11,151699,19.12,E
大洋电机,15:00:20,12.98,409106,12.97,E
联化科技,15:00:20,18.92,114200,18.92,U
步 步 高,15:00:20,16.75,128600,16.75,E
上海莱士,15:00:20,40.1,109850,40.1,E
川大智胜,15:00:20,54.24,91038,54.24,D
海陆重工,15:00:20,10.05,125200,10.04,U
彩虹精化,15:00:20,26.46,158900,26.46,D
升达林业,15:00:20,9.33,220200,9.32,U
德奥通航,15:00:20,46.31,38200,46.25,U
拓维信息,15:00:20,41.31,253018,41.31,E
恩华药业,15:00:20,29.37,40693,29.38,D
新 华 都,15:00:20,8.76,260100,8.73,E
浙富控股,15:00:20,8.52,496000,8.52,E
陕天然气,15:00:20,12.67,249066,12.65,U
卫 士 通,15:00:20,63.12,130600,63.11,E
东方雨虹,15:00:20,21.22,296200,21.21,E
川润股份,15:00:20,10.29,240400,10.26,U
水晶光电,15:00:20,38.65,429688,38.65,E
华昌化工,15:00:20,13.99,916600,13.99,U
桂林三金,15:00:20,22.91,27100,22.93,D
万马股份,15:00:20,31.32,120304,31.32,E
友阿股份,15:00:20,13.98,332000,13.98,E
神开股份,15:00:20,18.91,78800,18.91,E
久其软件,15:00:20,77.5,136461,77.48,E
联络互动,15:00:20,59.65,424250,59.65,E
光迅科技,15:00:20,68.44,168235,68.44,D
博深工具,15:00:20,16.06,108800,16.04,E
天润曲轴,15:00:20,22.42,213720,22.42,D
亚太股份,15:00:20,18.02,1066984,17.94,E
世联行,15:00:20,17.61,327700,17.63,E
奇正藏药,15:00:20,41.98,57700,41.98,U
超华科技,15:00:20,12.11,447900,12.11,E
宇顺电子,15:00:20,35.8,214128,35.8,E
禾盛新材,15:00:20,36.47,52100,36.47,E
星期六,15:00:20,17.44,109900,17.44,D
罗莱家纺,15:00:20,19.4,308900,19.39,E
信立泰,15:00:20,30.95,50300,30.97,E
精艺股份,15:00:20,20.45,379659,20.45,E
辉煌科技,15:00:20,20.88,220464,20.88,E
博云新材,15:00:20,15.33,144200,15.32,E
太阳电缆,15:00:20,11.64,83337,11.63,E
齐心集团,15:00:20,24.22,239757,24.22,E
西部建设,15:00:20,17.86,34900,17.84,E
美盈森,15:00:20,14.32,557800,14.31,E
洋河股份,15:00:20,65.16,17281,65.15,U
南国置业,15:00:20,6.45,321100,6.44,U
北新路桥,15:00:20,11.51,282900,11.51,E
威创股份,15:00:20,23.5,173200,23.5,E
东方园林,15:00:20,26.7,259400,26.7,E
海大集团,15:00:20,14.28,193000,14.28,U
三泰控股,15:00:20,30.21,236520,30.2,E
南山控股,15:00:20,8.87,185200,8.86,U
焦点科技,15:00:20,113.8,48800,113.76,E
键桥通讯,15:00:20,21.28,186700,21.28,E
众生药业,15:00:20,13.08,93300,13.07,U
久立特材,15:00:20,14.82,363672,14.82,E
乐通股份,15:00:20,23.32,702600,23.31,E
华英农业,15:00:20,12.29,415000,12.29,U
理工监测,15:00:20,26.42,110701,26.42,E
雅百特,15:00:20,36.61,50300,36.6,E
普利特,15:00:20,31.35,112300,31.34,E
永太科技,15:00:20,23.51,505532,23.51,E
皇氏集团,15:00:20,29.12,102040,29.12,E
皖通科技,15:00:20,27.58,410100,27.57,E
仙琚制药,15:00:20,14.83,195564,14.83,E
罗普斯金,15:00:20,21.3,56100,21.23,E
英威腾,15:00:20,11.45,369700,11.44,E
科华恒盛,15:00:20,41.04,55479,41.04,E
人人乐,15:00:20,14.92,198200,14.92,U
赛象科技,15:00:20,10.57,490500,10.57,E
奥普光电,15:00:20,76.62,12800,76.62,U
新纶科技,15:00:20,16.49,858332,16.49,E
巨力索具,15:00:20,7.51,369700,7.51,E
禾欣股份,15:00:20,77.01,315900,77.0,E
海宁皮城,15:00:20,17.17,459900,17.14,E
潮宏基,15:00:20,17.21,222874,17.21,E
柘中股份,15:00:20,19.3,205400,19.38,E
泰尔重工,15:00:20,20.81,108864,20.8,E
高乐股份,15:00:20,18.26,93100,18.23,U
精华制药,15:00:20,34.46,75152,34.46,U
北京科锐,15:00:20,19.82,60000,19.82,U
漫步者,15:00:20,28.28,93500,28.28,D
鼎泰新材,15:00:20,31.1,62800,31.06,U
杰瑞股份,15:00:20,25.57,356968,25.56,E
天神娱乐,15:00:20,117.5,87300,117.36,E
兴民钢圈,15:00:20,15.6,218550,15.6,E
浩宁达,15:00:20,28.64,104200,28.64,D
富临运业,15:00:20,16.71,177800,16.7,U
森源电气,15:00:20,19.04,71504,19.04,D
齐星铁塔,15:00:20,32.52,204300,32.52,E
神剑股份,15:00:20,17.94,153600,17.94,E
汉王科技,15:00:20,33.58,874400,33.58,E
中恒电气,15:00:20,30.82,251600,30.81,E
永安药业,15:00:20,20.59,42800,20.58,U
台海核电,15:00:20,65.93,20978,65.93,U
康力电梯,15:00:20,17.19,202050,17.18,E
卓翼科技,15:00:20,13.89,262700,13.89,E
亚太药业,15:00:20,34.62,330700,34.65,E
伟星新材,15:00:20,18.19,82203,18.18,E
千方科技,15:00:20,50.59,134000,50.6,E
丽鹏股份,15:00:20,17.66,43900,17.65,U
亚厦股份,15:00:20,16.24,510652,16.21,E
新北洋,15:00:20,20.56,182500,20.56,E
国创高新,15:00:20,9.85,367100,9.81,E
章源钨业,15:00:20,11.94,250500,11.93,E
科远股份,15:00:20,36.96,19200,36.96,D
双箭股份,15:00:20,18.35,180000,18.34,E
蓝帆医疗,15:00:20,29.93,89301,29.92,E
大北农,15:00:20,12.36,586796,12.35,E
天原集团,15:00:20,8.2,247100,8.2,E
黑牛食品,15:00:20,19.42,278588,19.42,E
新亚制程,15:00:20,11.67,277500,11.67,E
南洋科技,15:00:20,19.7,136100,19.68,E
信邦制药,15:00:20,14.94,502400,14.91,E
长青股份,15:00:20,17.28,126241,17.28,E
北京利尔,15:00:20,8.2,642300,8.2,E
力生制药,15:00:20,53.05,93102,53.01,E
联发股份,15:00:20,17.56,102600,17.56,E
双象股份,15:00:20,24.22,116933,24.2,U
星网锐捷,15:00:20,26.19,383572,26.17,E
梦洁家纺,15:00:20,9.84,229720,9.84,E
建研集团,15:00:20,17.85,60080,17.85,D
海普瑞,15:00:20,34.84,102300,34.83,E
省广股份,15:00:20,25.44,94129,25.41,E
中海科技,15:00:20,23.88,457300,23.94,E
和而泰,15:00:20,23.97,117500,23.97,D
爱仕达,15:00:20,14.25,138466,14.25,D
嘉欣丝绸,15:00:20,11.35,257300,11.35,E
四维图新,15:00:20,44.56,871904,44.54,E
远东传动,15:00:20,12.1,578620,12.1,E
多氟多,15:00:20,71.88,417136,71.76,E
齐翔腾达,15:00:20,13.35,120620,13.35,E
广联达,15:00:20,19.3,354000,19.28,E
九九久,15:00:20,19.75,181100,19.75,E
雷科防务,15:00:20,56.67,32400,56.66,U
高德红外,15:00:20,31.86,228300,31.8,U
海康威视,15:00:20,34.65,294400,34.65,E
*ST元达,15:00:20,23.8,80850,23.8,D
毅昌股份,15:00:20,12.08,343800,12.07,E
达实智能,15:00:20,23.31,341300,23.3,E
科伦药业,15:00:20,18.35,202600,18.28,U
中原特钢,15:00:20,15.29,224100,15.28,E
贵州百灵,15:00:20,26.85,247994,26.85,U
凯撒股份,15:00:20,26.12,120309,26.14,D
胜利精密,15:00:20,24.56,248500,24.55,U
尤夫股份,15:00:20,17.34,83200,17.32,E
云南锗业,15:00:20,19.9,635784,19.9,E
兆驰股份,15:00:20,13.79,993352,13.78,U
杭氧股份,15:00:20,11.04,156400,11.02,U
棕榈园林,15:00:20,25.3,115672,25.3,E
九安医疗,15:00:20,27.17,280494,27.16,E
太安堂,15:00:20,15.03,275200,15.02,E
兴森科技,15:00:20,21.09,274700,21.05,E
誉衡药业,15:00:20,31.0,55500,30.99,E
江苏神通,15:00:20,26.85,301100,26.86,E
启明星辰,15:00:20,34.8,313800,34.8,E
闰土股份,15:00:20,18.98,202900,18.98,U
众业达,15:00:20,22.39,135800,22.38,U
金洲管道,15:00:20,18.68,131700,18.68,D
巨星科技,15:00:20,18.97,207872,18.96,E
中南重工,15:00:20,28.34,141599,28.34,E
盛路通信,15:00:20,35.42,606318,35.41,E
壹桥海参,15:00:20,9.75,179700,9.75,E
中原内配,15:00:20,13.45,555980,13.45,E
国星光电,15:00:20,16.25,101000,16.25,D
松芝股份,15:00:20,18.23,88589,18.23,E
百川股份,15:00:20,11.12,129200,11.12,E
欧菲光,15:00:20,27.1,368600,27.0,U
青龙管业,15:00:20,13.74,162000,13.74,E
益生股份,15:00:20,36.96,28900,36.94,U
天业通联,15:00:20,19.75,121300,19.73,U
赣锋锂业,15:00:20,60.99,510116,60.99,E
珠江啤酒,15:00:20,15.48,152500,15.48,E
嘉事堂,15:00:20,44.23,60400,44.22,E
沪电股份,15:00:20,6.85,586700,6.84,E
海格通信,15:00:20,17.52,853900,17.52,E
天齐锂业,15:00:20,150.9,123600,150.88,E
二六三,15:00:20,19.05,609000,19.04,E
三维工程,15:00:20,16.19,107500,16.19,U
金正大,15:00:20,20.61,140300,20.63,D
中超控股,15:00:20,10.75,1262856,10.74,E
双环传动,15:00:20,28.99,104200,29.11,E
榕基软件,15:00:20,25.22,567300,25.19,E
立讯精密,15:00:20,34.02,159200,34.02,E
宝莫股份,15:00:20,9.7,295206,9.7,E
雏鹰农牧,15:00:20,17.54,535600,17.53,E
常宝股份,15:00:20,14.11,104300,14.11,D
富春环保,15:00:20,14.61,293100,14.61,E
新筑股份,15:00:20,13.85,175800,13.85,E
广田股份,15:00:20,28.82,164700,28.79,U
江海股份,15:00:20,23.95,141700,23.95,U
嘉麟杰,15:00:20,6.78,617000,6.77,E
金固股份,15:00:20,31.99,193000,31.99,E
浙江永强,15:00:20,12.22,1762736,12.21,E
山东墨龙,15:00:20,10.3,261558,10.3,E
通鼎互联,15:00:20,19.95,497400,19.94,E
恒基达鑫,15:00:20,15.07,121900,15.04,E
荣盛石化,15:00:20,13.3,63800,13.29,E
佳隆股份,15:00:20,7.45,627704,7.44,E
辉丰股份,15:00:20,29.5,137600,29.48,E
雅化集团,15:00:20,9.24,436600,9.24,D
汉缆股份,15:00:20,8.06,1226896,8.06,E
科林环保,15:00:20,26.23,268320,26.23,E
山西证券,15:00:20,16.85,1722384,16.81,E
利源精制,15:00:20,12.56,238700,12.55,E
搜于特,15:00:20,16.21,195100,16.21,E
大康牧业,15:00:20,7.52,408500,7.52,E
涪陵榨菜,15:00:20,18.9,41700,18.91,E
老板电器,15:00:20,41.2,30768,41.19,U
天广消防,15:00:20,19.47,192000,19.47,E
天汽模,15:00:20,15.69,175300,15.67,U
中顺洁柔,15:00:20,11.09,181870,11.08,E
金字火腿,15:00:20,27.4,341252,27.43,E
泰亚股份,15:00:20,55.8,26700,55.8,U
银河电子,15:00:20,24.95,79650,24.95,E
日发精机,15:00:20,25.88,55400,25.88,U
齐峰新材,15:00:20,12.72,333124,12.74,E
天桥起重,15:00:20,9.25,126027,9.25,U
光正集团,15:00:20,9.51,379206,9.51,U
山东矿机,15:00:20,10.69,369500,10.68,U
新时达,15:00:20,22.97,139300,22.97,U
英飞拓,15:00:20,13.72,306300,13.72,E
海源机械,15:00:20,25.14,113900,25.14,E
天顺风能,15:00:20,14.09,245300,14.08,E
新界泵业,15:00:20,15.46,143600,15.45,U
金杯电工,15:00:20,9.69,556700,9.66,E
杭锅股份,15:00:20,15.19,30300,15.19,U
林州重机,15:00:20,12.42,321194,12.4,E
西泵股份,15:00:20,77.51,203000,77.55,E
司尔特,15:00:20,12.58,210400,12.58,U
新都化工,15:00:20,16.05,332948,16.03,E
亚太科技,15:00:20,10.18,623422,10.21,E
鸿路钢构,15:00:20,20.79,135300,20.82,D
中化岩土,15:00:20,13.99,282987,13.99,E
万和电气,15:00:20,17.53,49000,17.53,U
新联电子,15:00:20,30.8,45632,30.78,E
春兴精工,15:00:20,12.63,329700,12.63,E
金新农,15:00:20,18.74,457300,18.67,E
凯美特气,15:00:20,13.32,261350,13.32,E
千红制药,15:00:20,22.8,367600,22.81,E
尚荣医疗,15:00:20,30.47,103639,30.45,E
宝鼎重工,15:00:20,17.0,172300,16.99,U
南方轴承,15:00:20,13.42,223200,13.41,E
惠博普,15:00:20,12.81,117200,12.8,U
顺荣三七,15:00:20,54.91,262700,54.91,E
辉隆股份,15:00:20,21.48,504800,21.47,E
洽洽食品,15:00:20,18.65,62300,18.66,D
世纪游轮,15:00:20,213.01,259371,213.02,E
亚威股份,15:00:20,16.6,241400,16.6,U
徐家汇,15:00:20,15.44,62600,15.44,E
兄弟科技,15:00:20,31.15,32900,31.15,E
森马服饰,15:00:20,12.28,146990,12.28,U
天沃科技,15:00:20,11.58,547212,11.56,E
上海绿新,15:00:20,12.62,484800,12.62,E
益盛药业,15:00:20,20.35,141900,20.35,U
百润股份,15:00:20,43.63,66250,43.62,E
步森股份,15:00:20,43.25,52700,43.24,E
贝因美,15:00:20,14.79,345800,14.78,E
德力股份,15:00:20,16.68,259100,16.68,E
索菲亚,15:00:20,39.96,20200,39.96,D
清新环境,15:00:20,22.69,295200,22.68,E
通达动力,15:00:20,30.21,71800,30.25,E
闽发铝业,15:00:20,10.45,194299,10.44,E
中京电子,15:00:20,14.38,139500,14.38,E
圣阳股份,15:00:20,19.28,75100,19.29,E
未名医药,15:00:20,37.55,65800,37.51,U
海能达,15:00:20,12.97,940880,12.97,E
西陇科学,15:00:20,57.36,79300,57.34,U
双星新材,15:00:20,12.22,186900,12.2,E
围海股份,15:00:20,8.82,256904,8.82,E
奥拓电子,15:00:20,16.1,394364,16.1,U
史丹利,15:00:20,34.4,53114,34.43,E
瑞康医药,15:00:20,36.15,62400,36.15,E
万安科技,15:00:20,23.29,291700,23.29,E
恒大高新,15:00:20,17.08,91142,17.08,D
八菱科技,15:00:20,50.12,107850,50.12,E
日上集团,15:00:20,32.5,91500,32.5,U
比亚迪,15:00:20,63.8,298200,63.8,E
豪迈科技,15:00:20,22.56,23700,22.52,U
海南瑞泽,15:00:20,44.8,157400,44.9,D
金禾实业,15:00:20,11.0,138300,10.99,U
山东章鼓,15:00:20,14.5,152500,14.53,D
盛通股份,15:00:20,46.0,48000,45.73,U
江粉磁材,15:00:20,11.9,1547096,11.89,E
佰利联,15:00:20,39.9,203635,39.68,E
以岭药业,15:00:20,18.46,232100,18.43,U
龙力生物,15:00:20,15.4,1074704,15.39,E
大连电瓷,15:00:20,17.95,486800,17.93,E
亚夏汽车,15:00:20,17.23,283000,17.21,E
捷顺科技,15:00:20,22.3,527300,22.31,D
爱康科技,15:00:20,12.47,260000,12.46,E
东方精工,15:00:20,14.51,177601,14.5,E
朗姿股份,15:00:20,64.0,139300,64.01,E
哈尔斯,15:00:20,21.19,57300,21.18,U
长青集团,15:00:20,26.53,28662,26.5,U
露笑科技,15:00:20,24.27,154923,24.26,E
丹邦科技,15:00:20,50.6,54400,50.51,E
瑞和股份,15:00:20,43.71,64200,43.7,E
三垒股份,15:00:20,24.53,46700,24.51,E
亚玛顿,15:00:20,52.8,480700,52.75,E
龙生股份,15:00:20,53.95,216100,53.94,E
金达威,15:00:20,15.29,122400,15.28,D
宜昌交运,15:00:20,27.75,31558,27.77,D
成都路桥,15:00:20,7.04,175000,7.04,E
华西能源,15:00:20,13.94,211400,13.93,E
道明光学,15:00:20,28.0,283100,27.99,E
棒杰股份,15:00:20,38.18,40500,38.18,D
安洁科技,15:00:20,27.6,68800,27.6,E
赞宇科技,15:00:20,27.92,84200,28.06,D
跨境通,15:00:20,34.57,57460,34.58,E
永高股份,15:00:20,9.87,103300,9.86,E
荣之联,15:00:20,55.7,137791,55.65,U
万润股份,15:00:20,39.96,29493,39.94,U
佛慈制药,15:00:20,17.12,323800,17.12,E
华宏科技,15:00:20,24.76,95100,24.76,E
青青稞酒,15:00:20,22.02,75600,22.02,U
卫星石化,15:00:20,10.55,115900,10.55,D
博彦科技,15:00:20,62.79,107687,62.79,E
加加食品,15:00:20,7.85,687524,7.84,E
利君股份,15:00:20,13.98,104800,13.97,U
海思科,15:00:20,22.32,89533,22.35,E
万润科技,15:00:20,48.51,319832,48.55,E
卡奴迪路,15:00:20,24.84,55300,24.83,U
中科金财,15:00:20,91.15,212804,91.0,E
雪迪龙,15:00:20,26.7,187500,26.7,E
中泰桥梁,15:00:20,25.84,68400,25.85,E
克明面业,15:00:20,55.88,24200,55.86,U
京威股份,15:00:20,16.89,98800,16.89,E
普邦园林,15:00:20,8.14,296600,8.13,U
信质电机,15:00:20,28.57,61800,28.58,D
首航节能,15:00:20,30.86,450200,30.99,U
德联集团,15:00:20,12.11,281506,12.11,E
奥马电器,15:00:20,102.6,86710,102.67,E
康达新材,15:00:20,29.69,98100,29.7,E
华声股份,15:00:20,37.68,97700,37.68,E
东江环保,15:00:20,19.88,297900,19.88,E
西部证券,15:00:20,37.86,1020736,37.83,E
兴业科技,15:00:20,18.01,47600,18.05,D
东诚药业,15:00:20,46.96,76900,46.96,D
顺威股份,15:00:20,47.99,33000,47.98,E
浙江美大,15:00:20,20.27,80150,20.27,E
珠江钢琴,15:00:20,17.44,174956,17.44,E
福建金森,15:00:20,25.36,57300,25.36,E
黄海机械,15:00:20,44.3,21200,44.26,E
奋达科技,15:00:20,42.3,342843,42.27,E
龙洲股份,15:00:20,16.89,120100,16.88,E
猛狮科技,15:00:20,30.04,155500,30.06,D
华东重机,15:00:20,10.92,240780,10.92,E
亿利达,15:00:20,18.05,211900,18.03,E
乔治白,15:00:20,15.99,70700,15.99,U
金河生物,15:00:20,22.6,84900,22.6,U
博林特,15:00:20,12.12,582200,12.12,E
美亚光电,15:00:20,34.7,44934,34.71,D
远程电缆,15:00:20,20.02,127415,19.98,U
双成药业,15:00:20,17.45,211100,17.36,E
顾地科技,15:00:20,15.29,83700,15.3,E
煌上煌,15:00:20,39.42,57626,39.42,E
红旗连锁,15:00:20,8.07,608488,8.07,E
博实股份,15:00:20,30.76,164870,30.75,E
美盛文化,15:00:20,55.99,60300,56.0,E
新疆浩源,15:00:20,14.82,150700,14.82,D
奥瑞金,15:00:20,28.01,53600,28.0,E
海欣食品,15:00:20,29.33,536600,29.33,E
浙江世宝,15:00:20,38.7,102500,38.92,D
新宝股份,15:00:20,22.15,113391,22.12,U
良信电器,15:00:20,61.21,8600,61.18,U
光洋股份,15:00:20,17.07,320050,17.05,E
天赐材料,15:00:20,85.65,52600,85.66,E
思美传媒,15:00:20,124.1,11000,124.1,D
东易日盛,15:00:20,28.04,37300,28.04,U
牧原股份,15:00:20,49.75,94558,49.73,E
登云股份,15:00:20,35.31,39100,35.3,U
金贵银业,15:00:20,12.3,237060,12.3,E
岭南园林,15:00:20,39.53,148822,39.53,E
金一文化,15:00:20,31.44,379650,31.43,E
金轮股份,15:00:20,39.4,210500,39.4,D
金莱特,15:00:20,24.72,92000,24.72,E
海洋王,15:00:20,23.94,43800,23.93,U
跃岭股份,15:00:20,24.63,44600,24.6,E
龙大肉食,15:00:20,16.0,174900,16.0,E
一心堂,15:00:20,61.2,78000,61.01,E
台城制药,15:00:20,29.59,51200,29.59,E
好利来,15:00:20,73.1,10600,73.1,E
萃华珠宝,15:00:20,33.19,38200,33.19,U
燕塘乳业,15:00:20,37.77,104200,37.71,U
雄韬股份,15:00:20,25.69,111200,25.69,E
利民股份,15:00:20,37.36,275774,36.48,U
王子新材,15:00:20,49.66,51900,49.66,E
国信证券,15:00:20,20.08,585444,20.07,E
葵花药业,15:00:20,49.63,32537,49.63,U
中矿资源,15:00:20,40.8,35900,40.88,E
万达院线,15:00:20,118.67,85728,118.6,E
爱迪尔,15:00:20,54.29,37000,54.3,D
光华科技,15:00:20,37.98,249112,37.9,E
三圣特材,15:00:20,39.78,85700,39.76,E
富煌钢构,15:00:20,40.93,178700,40.9,E
木林森,15:00:20,40.66,25300,40.68,E
仙坛股份,15:00:20,41.69,53100,41.63,U
世龙实业,15:00:20,39.54,83100,39.58,D
国光股份,15:00:20,109.71,21400,109.9,E
龙津药业,15:00:20,43.51,79100,43.51,E
易尚展示,15:00:20,131.66,121870,131.63,E
N兴股份,15:00:20,36.34,96800,36.34,U
永东股份,15:00:20,47.97,39700,47.97,U
东方新星,15:00:20,44.1,50150,44.05,E
永兴特钢,15:00:20,59.53,47800,59.53,E
南兴装备,15:00:20,54.06,15100,54.08,D
华通医药,15:00:20,107.6,33360,107.6,E
天际股份,15:00:20,47.68,77840,47.68,U
凤形股份,15:00:20,56.8,55200,56.8,U
多喜爱,15:00:20,52.99,216950,52.97,E
金发拉比,15:00:20,71.77,10600,71.76,E
汇洁股份,15:00:20,49.99,147400,49.76,E
蓝黛传动,15:00:20,31.76,98700,31.76,E
索菱股份,15:00:20,48.5,192500,48.4,E
先锋电子,15:00:20,48.32,63400,48.32,D
国恩股份,15:00:20,62.88,38850,62.88,U
普路通,15:00:20,88.9,37844,88.9,U
科迪乳业,15:00:20,30.18,173000,30.18,E
真视通,15:00:20,119.05,14500,119.08,E
众兴菌业,15:00:20,51.5,147500,51.5,E
康弘药业,15:00:20,83.98,20400,83.96,U
文科园林,15:00:20,56.73,56200,56.74,E
柏堡龙,15:00:20,70.29,26400,70.4,D
世纪星源,15:00:17,10.11,156500,10.11,D
零七股份,15:00:17,21.7,114900,21.72,D
深华新,15:00:17,10.18,245700,10.17,U
深深宝Ａ,15:00:17,18.21,422714,18.19,U
深圳能源,15:00:17,10.25,494900,10.25,U
中航地产,15:00:17,12.93,602550,12.93,E
康达尔,15:00:17,43.3,196918,43.2,U
深天马Ａ,15:00:17,22.4,225400,22.4,U
方大集团,15:00:17,11.16,80400,11.17,D
皇庭国际,15:00:17,29.72,90350,29.76,D
*ST华锦,15:00:17,8.0,199300,8.01,E
中金岭南,15:00:17,15.61,1929088,15.61,E
珠海港,15:00:17,7.37,250500,7.36,E
柳    工,15:00:17,8.32,85100,8.31,E
穗恒运Ａ,15:00:17,10.55,82200,10.56,D
金圆股份,15:00:17,14.06,404300,14.02,E
烽火电子,15:00:17,11.42,305200,11.42,E
友利控股,15:00:17,14.02,414000,14.02,E
兴蓉环境,15:00:17,7.32,930772,7.32,U
金岭矿业,15:00:17,9.35,154200,9.34,E
经纬纺机,15:00:17,29.65,221200,29.66,E
惠天热电,15:00:17,6.88,144700,6.88,E
河北钢铁,15:00:17,3.45,3178688,3.44,E
普洛药业,15:00:17,8.26,244500,8.25,E
美达股份,15:00:17,15.14,370024,15.14,E
一汽轿车,15:00:17,15.5,358000,15.54,E
北京文化,15:00:17,30.38,86500,30.31,U
金宇车城,15:00:17,26.46,95000,26.39,U
智慧农业,15:00:17,8.49,927896,8.49,U
岳阳兴长,15:00:17,45.21,76477,45.2,E
鲁西化工,15:00:17,6.9,422800,6.9,D
*ST星美,15:00:17,22.33,123700,22.33,D
物产中拓,15:00:17,16.07,136000,16.06,U
华西股份,15:00:17,14.19,276900,14.17,U
南天信息,15:00:17,27.8,230158,27.8,U
首钢股份,15:00:17,3.76,451840,3.76,D
长源电力,15:00:17,14.95,104868,14.95,U
煤 气 化,15:00:17,7.8,269700,7.79,U
广州友谊,15:00:17,28.07,171900,28.07,E
凯恩股份,15:00:17,9.86,210500,9.85,U
京新药业,15:00:17,30.58,89200,30.57,U
达安基因,15:00:17,40.91,290960,40.92,D
轴研科技,15:00:17,12.35,90600,12.32,U
横店东磁,15:00:17,29.08,159600,29.0,U
万丰奥威,15:00:17,34.92,99406,34.92,E
新 海 宜,15:00:17,19.33,303200,19.32,U
天康生物,15:00:17,10.07,193280,10.07,U
沃华医药,15:00:17,24.9,220500,24.9,U
威海广泰,15:00:17,33.0,67200,32.99,U
中环股份,15:00:17,12.97,773584,12.98,E
麦达数字,15:00:17,23.03,202950,23.01,U
顺络电子,15:00:17,14.85,434000,14.86,D
宁波银行,15:00:17,15.27,1505400,15.27,E
远 望 谷,15:00:17,25.14,590300,25.13,U
莱茵生物,15:00:17,15.07,241750,15.07,U
延华智能,15:00:17,14.13,327100,14.12,U
中航光电,15:00:17,39.78,110700,39.78,D
艾派克,15:00:17,45.81,12689,45.81,D
怡 亚 通,15:00:17,43.15,272550,43.15,E
云投生态,15:00:17,22.38,64600,22.38,U
启明信息,15:00:17,18.8,431972,18.79,U
泰和新材,15:00:17,16.2,119300,16.2,U
利尔化学,15:00:17,26.75,54300,26.63,U
大 东 南,15:00:17,10.23,1924156,10.19,E
美邦服饰,15:00:17,6.72,768200,6.71,E
洪涛股份,15:00:17,16.45,633600,16.45,U
富安娜,15:00:17,11.88,600000,11.87,E
新朋股份,15:00:17,12.64,116700,12.64,U
积成电子,15:00:17,26.44,375372,26.42,U
格林美,15:00:17,14.76,390500,14.75,U
爱施德,15:00:17,17.98,894436,17.9,E
康盛股份,15:00:17,39.69,376016,39.58,E
天虹商场,15:00:17,12.93,183417,12.94,D
摩恩电气,15:00:17,14.09,222500,14.09,D
大金重工,15:00:17,16.15,273300,16.17,E
协鑫集成,15:00:17,12.61,1646000,12.61,E
达华智能,15:00:17,22.4,176800,22.4,D
旷达科技,15:00:17,14.72,219241,14.72,D
浙江众成,15:00:17,19.65,284900,19.64,E
中信证券,15:00:03,19.06,1034304,19.05,U
中科英华,15:00:03,10.85,171008,10.84,U
长春一东,15:00:03,27.15,17500,27.14,U
洪都航空,15:00:03,23.58,51200,23.59,D
士兰微,15:00:03,8.74,179000,8.73,U
天地源,15:00:03,8.32,920000,8.35,D
新奥股份,15:00:03,15.94,119100,15.9,U
*ST建机,15:00:03,10.84,49400,10.83,U
深圳燃气,15:00:03,8.99,100000,8.99,D
旗滨集团,15:00:03,5.67,213452,5.68,D
永辉超市,15:00:03,10.5,317096,10.5,D
大唐发电,15:00:03,5.22,205000,5.22,U
上海电力,14:59:57,15.36,83250,15.35,U
永泰能源,14:59:57,4.75,733564,4.73,U
伊力特,14:59:57,15.19,228052,15.19,D
海南椰岛,14:59:57,16.78,124300,16.79,E
青海华鼎,14:59:57,14.69,102700,14.69,U
澳柯玛,14:59:57,8.72,86500,8.79,D
华夏幸福,14:59:57,31.95,166796,31.89,U
大橡塑,14:59:57,12.24,181800,12.26,U
江山股份,14:59:57,25.41,27420,25.4,U
*ST安泰,14:59:57,5.37,190000,5.38,D
精达股份,14:59:57,6.6,214400,6.59,U
海螺水泥,14:59:57,16.88,97000,16.88,D
中电广通,14:59:57,18.61,115000,18.68,D
申通地铁,14:59:57,17.63,56700,17.61,U
陕西黑猫,14:59:57,12.24,40900,12.26,D
万盛股份,14:59:57,57.0,16400,57.79,D
维力医疗,14:59:57,42.7,17300,42.66,U
洛阳钼业,14:59:57,4.81,433000,4.81,D
青鸟华光,14:59:52,11.18,65395,11.18,U
中葡股份,14:59:52,8.2,78300,8.2,D
同仁堂,14:59:52,37.06,193846,37.06,U
哈高科,14:59:52,11.36,143300,11.32,U
北方稀土,14:59:52,14.37,202300,14.37,D
东方航空,14:59:52,7.51,203184,7.49,U
金宇集团,14:59:52,34.02,31100,34.0,U
浙江医药,14:59:52,10.92,187440,10.92,U
凯乐科技,14:59:52,15.4,354100,15.36,U
三峡新材,14:59:52,12.87,106200,12.86,U
杭萧钢构,14:59:52,11.65,113100,11.61,U
科达洁能,14:59:52,22.07,86600,22.07,U
中国软件,14:59:52,35.7,61400,35.7,D
深高速,14:59:52,9.08,99001,9.07,U
青岛啤酒,14:59:52,31.94,25000,31.93,U
信达地产,14:59:52,7.18,233400,7.09,U
亚通股份,14:59:52,15.35,53900,15.35,D
江中药业,14:59:52,36.68,59200,36.65,U
国电电力,14:59:52,4.01,855808,4.01,D
钱江生化,14:59:52,12.66,44200,12.66,U
隧道股份,14:59:52,11.01,113500,11.0,U
南通科技,14:59:52,21.12,64100,21.07,U
北矿磁材,14:59:52,23.35,31300,23.39,D
昊华能源,14:59:52,8.47,88700,8.4,U
三江购物,14:59:52,12.26,55900,12.26,D
中煤能源,14:59:52,6.26,136400,6.26,D
北特科技,14:59:52,40.99,23200,40.97,U
东风汽车,14:59:47,8.77,173800,8.76,U
日照港,14:59:47,6.94,217804,6.94,U
南方航空,14:59:47,8.11,658904,8.11,D
*ST银鸽,14:59:47,5.17,160000,5.17,D
美尔雅,14:59:47,18.06,43000,18.09,D
亚盛集团,14:59:47,7.51,178400,7.5,U
西宁特钢,14:59:47,6.72,251100,6.73,D
黑化股份,14:59:47,19.16,169100,19.08,U
太龙药业,14:59:47,8.89,106600,8.89,D
鑫科材料,14:59:47,5.84,198200,5.84,U
重庆港九,14:59:47,14.24,205738,14.2,U
国栋建设,14:59:47,5.22,536400,5.22,D
航天动力,14:59:47,26.49,116400,26.49,U
浙江龙盛,14:59:47,12.46,243696,12.45,U
动力源,14:59:47,17.7,95400,17.7,U
联环药业,14:59:47,23.35,54300,23.35,U
亿晶光电,14:59:47,16.29,97100,16.29,U
中华企业,14:59:47,7.91,182700,7.91,U
天津港,14:59:47,11.26,93900,11.26,D
厦工股份,14:59:47,10.21,154800,10.21,D
北京城乡,14:59:47,19.15,59000,19.19,D
内蒙华电,14:59:47,4.64,156196,4.63,U
创业环保,14:59:47,10.99,71100,10.99,D
玉龙股份,14:59:47,8.66,105300,8.66,D
中国一重,14:59:47,8.4,190000,8.4,U
海南橡胶,14:59:47,7.69,237400,7.7,D
交通银行,14:59:47,6.57,390200,6.57,U
中国中铁,14:59:47,11.24,155400,11.25,D
中国太保,14:59:47,27.8,113696,27.81,D
中国交建,14:59:47,13.85,87400,13.84,U
皖新传媒,14:59:47,34.98,49300,34.99,D
中海油服,14:59:47,16.15,79199,16.16,D
弘讯科技,14:59:47,35.29,54000,35.2,U
中科曙光,14:59:47,93.0,82030,92.96,U
红蜻蜓,14:59:47,32.93,27639,32.93,U
翠微股份,14:59:47,10.98,54200,11.01,D
中材节能,14:59:47,14.57,62000,14.56,U
济民制药,14:59:47,44.5,42800,44.36,U
东贝Ｂ股,14:59:47,2.196,158900,2.161,U
上港集团,14:59:41,6.82,75000,6.82,U
中原高速,14:59:41,6.56,211400,6.56,D
华电国际,14:59:41,6.91,116800,6.91,U
古越龙山,14:59:41,10.92,77100,10.91,U
华润双鹤,14:59:41,23.23,62400,23.22,U
冠城大通,14:59:41,8.95,183320,8.94,U
特变电工,14:59:41,11.8,152300,11.8,U
巨化股份,14:59:41,21.98,137000,21.95,U
天坛生物,14:59:41,30.79,56800,30.8,D
联美控股,14:59:41,20.48,36695,20.44,U
上海贝岭,14:59:41,23.8,205772,23.8,U
复星医药,14:59:41,24.22,131000,24.22,D
阳光照明,14:59:41,8.05,96600,8.05,D
国电南自,14:59:41,9.91,68000,9.9,U
中央商场,14:59:41,11.02,95700,11.01,U
中文传媒,14:59:41,25.71,76000,25.71,U
青海春天,14:59:41,22.06,51600,22.04,U
时代新材,14:59:41,18.2,59600,18.19,U
风帆股份,14:59:41,45.88,142400,45.88,D
精工钢构,14:59:41,6.1,201000,6.09,U
华丽家族,14:59:41,13.8,575048,13.79,U
黑牡丹,14:59:41,11.73,109000,11.73,U
厦门钨业,14:59:41,19.38,90900,19.35,U
济川药业,14:59:41,26.7,36000,26.79,D
皖江物流,14:59:41,6.95,281304,6.95,U
益佰制药,14:59:41,20.2,56300,20.2,U
复旦复华,14:59:41,17.52,132200,17.53,D
龙头股份,14:59:41,26.89,70600,26.88,E
浙报传媒,14:59:41,20.85,248400,20.86,D
中技控股,14:59:41,22.42,267200,22.41,U
外高桥,14:59:41,26.2,60900,26.2,U
上海普天,14:59:41,54.31,46576,54.34,D
云维股份,14:59:41,7.14,109853,7.14,U
天海投资,14:59:41,10.09,208509,10.07,U
长江传媒,14:59:41,11.15,336200,11.15,D
东方集团,14:59:41,8.44,605660,8.41,U
界龙实业,14:59:41,30.3,49600,30.3,U
四川长虹,14:59:41,6.09,520600,6.09,U
春兰股份,14:59:41,8.28,114400,8.27,U
航天电子,14:59:41,17.82,115400,17.84,D
国投电力,14:59:41,8.69,357712,8.69,U
厦门空港,14:59:41,23.27,103200,23.27,U
新五丰,14:59:41,15.3,94400,15.25,U
金陵饭店,14:59:41,15.86,52400,15.85,U
隆基股份,14:59:41,13.93,177700,13.93,U
重庆水务,14:59:41,9.18,90600,9.18,U
中国铁建,14:59:41,13.79,234700,13.79,D
江南水务,14:59:41,40.49,33841,40.5,D
吉鑫科技,14:59:41,7.1,132200,7.1,U
光大证券,14:59:41,24.83,319048,24.83,D
大连港,14:59:41,6.21,186900,6.22,D
建设银行,14:59:41,5.79,322400,5.79,U
金隅股份,14:59:41,10.16,89350,10.16,D
人民网,14:59:41,23.97,233600,23.96,D
万林股份,14:59:41,26.85,25419,26.84,U
珍宝岛,14:59:41,55.68,25800,55.67,U
再升科技,14:59:41,39.23,20400,39.25,D
曲美家居,14:59:41,21.9,37400,21.9,D
老百姓,14:59:41,73.13,23881,73.13,U
中电电机,14:59:41,54.0,41900,53.95,U
陆家Ｂ股,14:59:41,4.028,14200,4.028,U
宝钢股份,14:59:31,5.64,341200,5.63,U
山东钢铁,14:59:31,3.17,164200,3.17,D
博信股份,14:59:31,24.03,50200,24.0,U
同方股份,14:59:31,17.99,600400,17.97,U
格力地产,14:59:31,21.81,128300,21.77,U
*ST南化,14:59:31,14.43,50000,14.3,U
营口港,14:59:31,4.71,300500,4.7,U
白云山,14:59:31,29.88,91400,29.85,U
精伦电子,14:59:31,8.11,196300,8.11,D
晋西车轴,14:59:31,10.61,106600,10.61,D
保变电气,14:59:31,9.16,97500,9.15,U
中毅达,14:59:31,13.7,55780,13.73,D
丰华股份,14:59:31,21.62,51400,21.64,E
东方明珠,14:59:31,37.27,89300,37.27,U
号百控股,14:59:31,21.48,51200,21.5,D
申华控股,14:59:31,5.6,349600,5.59,U
尖峰集团,14:59:31,17.98,200000,17.9,U
山西汾酒,14:59:31,17.25,31676,17.24,U
丹化科技,14:59:31,8.56,64600,8.55,U
上海临港,14:59:31,23.35,36700,23.35,U
宝诚股份,14:59:31,83.0,15000,81.41,U
四川成渝,14:59:31,5.18,294082,5.19,D
环旭电子,14:59:31,15.34,153076,15.3,U
亚星锚链,14:59:31,13.0,227200,12.99,U
华电Ｂ股,14:59:31,0.59,105700,0.591,D
中国国贸,14:59:26,17.58,50300,17.57,U
首创股份,14:59:26,10.52,89500,10.52,D
华夏银行,14:59:26,11.29,275992,11.27,U
三一重工,14:59:26,6.58,239700,6.59,D
三峡水利,14:59:26,18.3,43900,18.33,D
兴发集团,14:59:26,14.92,117608,14.92,U
中国巨石,14:59:26,25.82,82200,25.88,D
赣粤高速,14:59:26,5.6,200800,5.6,D
蓝星新材,14:59:26,18.29,73300,18.29,D
振华重工,14:59:26,6.14,104343,6.14,U
兰太实业,14:59:26,15.94,124600,15.94,D
首开股份,14:59:26,13.29,146400,13.3,D
北方导航,14:59:26,30.36,60588,30.37,D
中化国际,14:59:26,11.42,244798,11.41,U
新赛股份,14:59:26,8.68,108358,8.66,U
九龙山,14:59:26,9.61,310696,9.61,U
金自天正,14:59:26,19.58,43129,19.59,D
申达股份,14:59:26,14.67,74900,14.67,D
三爱富,14:59:26,15.95,143289,15.89,U
红阳能源,14:59:26,13.31,52000,13.3,U
杭州解百,14:59:26,11.3,53500,11.3,U
海通证券,14:59:26,15.9,460808,15.89,U
华东电脑,14:59:26,56.1,85124,55.99,U
株冶集团,14:59:26,13.18,122815,13.18,U
马应龙,14:59:26,21.58,80100,21.59,D
兴业银行,14:59:26,16.18,479304,16.19,D
蓝科高新,14:59:26,14.0,59153,13.99,U
莱克电气,14:59:26,52.36,20700,52.17,U
华友钴业,14:59:26,29.8,54724,29.78,U
葛洲坝,14:59:21,8.09,481960,8.07,U
国金证券,14:59:21,16.38,459952,16.35,U
天成控股,14:59:21,18.64,310762,18.6,U
安彩高科,14:59:21,14.19,110000,14.2,D
江泉实业,14:59:21,11.98,166000,11.99,E
羚锐制药,14:59:21,12.3,63400,12.3,U
西藏珠峰,14:59:21,21.25,57700,21.24,U
三友化工,14:59:21,7.78,95600,7.79,D
中远航运,14:59:21,12.71,79200,12.71,D
华光股份,14:59:21,17.32,50000,17.31,U
福能股份,14:59:21,17.49,79600,17.5,D
航天通信,14:59:21,23.0,83567,23.04,D
上实发展,14:59:21,13.8,102000,13.77,U
云煤能源,14:59:21,6.8,135926,6.8,U
百联股份,14:59:21,17.85,55300,17.84,U
上工申贝,14:59:21,15.58,52501,15.57,U
南京化纤,14:59:21,14.62,40500,14.62,U
福成五丰,14:59:21,15.73,48700,15.7,U
恒立油缸,14:59:21,16.16,30800,16.16,U
华锐风电,14:59:21,4.06,315700,4.07,D
长城汽车,14:59:21,12.22,195602,12.22,U
滨化股份,14:59:21,8.08,505400,8.07,U
迎驾贡酒,14:59:21,29.82,26008,29.83,D
艾华集团,14:59:21,38.44,25900,38.45,D
金桥Ｂ股,14:59:21,1.78,33640,1.78,U
华能国际,14:59:16,8.84,92600,8.83,U
东睦股份,14:59:16,17.2,73400,17.21,D
时代万恒,14:59:16,14.4,41400,14.4,U
亿利能源,14:59:16,9.36,298700,9.37,D
大恒科技,14:59:16,17.05,109700,17.05,U
农发种业,14:59:16,15.95,205200,15.95,U
红豆股份,14:59:16,23.05,45500,23.05,U
贵研铂业,14:59:16,22.39,75500,22.38,U
迪马股份,14:59:16,11.34,642680,11.23,U
海油工程,14:59:16,9.14,303900,9.14,D
方正科技,14:59:16,6.5,407296,6.49,U
东百集团,14:59:16,12.55,51400,12.55,D
益民集团,14:59:16,8.41,95200,8.4,U
重庆燃气,14:59:16,14.17,60800,14.15,U
农业银行,14:59:16,3.26,723296,3.27,D
中信银行,14:59:16,7.43,371000,7.44,D
山东华鹏,14:59:16,53.59,18080,53.6,D
应流股份,14:59:16,29.2,135500,29.17,U
锦旅Ｂ股,14:59:16,5.176,13170,5.182,D
伊泰Ｂ股,14:59:16,0.755,101738,0.755,U
民生银行,14:59:11,8.73,545400,8.73,D
浙能电力,14:59:11,7.79,311600,7.79,U
宁波联合,14:59:11,12.5,60300,12.5,U
中国医药,14:59:11,16.0,54000,16.0,U
中国卫星,14:59:11,44.07,76500,44.06,U
太原重工,14:59:11,5.97,163800,5.96,U
钱江水利,14:59:11,21.15,77900,21.15,D
浦东建设,14:59:11,13.5,167692,13.49,U
西水股份,14:59:11,31.6,68500,31.55,U
鄂尔多斯,14:59:11,9.1,75900,9.1,U
平高电气,14:59:11,19.31,102700,19.31,U
巢东股份,14:59:11,37.23,89200,37.25,U
国机汽车,14:59:11,20.48,76400,20.41,U
中航电子,14:59:11,24.4,62200,24.39,U
龙净环保,14:59:11,18.2,410296,18.2,U
海澜之家,14:59:11,14.43,39500,14.44,D
小商品城,14:59:11,9.47,315000,9.48,D
华鲁恒升,14:59:11,14.42,111900,14.42,U
康美药业,14:59:11,17.11,265148,17.11,U
贵航股份,14:59:11,21.83,52400,21.83,D
卧龙电气,14:59:11,14.97,63900,14.95,U
天地科技,14:59:11,7.67,303280,7.66,U
绿地控股,14:59:11,17.94,107986,17.95,D
氯碱化工,14:59:11,13.55,112000,13.56,D
中航资本,14:59:11,16.45,448000,16.44,U
佳都科技,14:59:11,38.9,102800,38.9,D
S前锋,14:59:11,41.18,26500,41.15,U
一汽富维,14:59:11,28.7,38199,28.73,D
保税科技,14:59:11,7.22,104600,7.23,D
宁波海运,14:59:11,6.98,137048,6.97,U
天业股份,14:59:11,15.33,248500,15.33,U
香溢融通,14:59:11,13.32,103402,13.31,U
广电网络,14:59:11,17.13,150600,17.13,D
东方电气,14:59:11,14.28,266752,14.27,U
博闻科技,14:59:11,17.08,46200,17.06,U
北方创业,14:59:11,18.06,253648,18.07,D
航民股份,14:59:11,12.58,76800,12.57,U
一拖股份,14:59:11,13.89,116500,13.89,U
兴业证券,14:59:11,12.45,1408800,12.47,D
大智慧,14:59:11,13.69,168500,13.68,U
宁波建工,14:59:11,12.11,170998,12.1,U
中国银行,14:59:11,4.08,780096,4.07,U
中国重工,14:59:11,9.88,540400,9.89,D
伟明环保,14:59:11,55.22,17000,55.22,D
口子窖,14:59:11,39.84,21799,39.82,U
石英股份,14:59:11,23.55,113200,23.55,D
航天工程,14:59:11,35.88,91200,35.88,U
益丰药房,14:59:11,43.63,23900,43.62,U
天海B,14:59:11,0.64,104000,0.64,D
浦发银行,14:59:01,18.5,255200,18.49,U
铁龙物流,14:59:01,9.23,71550,9.23,D
太极集团,14:59:01,21.34,36000,21.34,U
道博股份,14:59:01,70.98,26500,71.0,D
航天机电,14:59:01,12.26,120100,12.24,U
大唐电信,14:59:01,23.55,132000,23.53,U
北京城建,14:59:01,15.66,144900,15.66,U
华发股份,14:59:01,15.89,255800,15.88,U
天通股份,14:59:01,14.86,150100,14.87,D
华微电子,14:59:01,10.7,213168,10.69,U
成发科技,14:59:01,51.77,75600,51.76,U
抚顺特钢,14:59:01,9.26,95936,9.25,U
江西长运,14:59:01,15.57,53600,15.55,D
中珠控股,14:59:01,24.88,73600,24.88,U
万家文化,14:59:01,27.35,211600,27.35,D
北大荒,14:59:01,15.35,119064,15.34,U
大众公用,14:59:01,10.49,381000,10.49,U
申能股份,14:59:01,7.52,109500,7.53,D
豫园商城,14:59:01,16.2,80304,16.2,D
川投能源,14:59:01,10.69,203100,10.69,U
珠江实业,14:59:01,9.9,94000,9.9,U
刚泰控股,14:59:01,21.96,80000,21.95,U
*ST阳化,14:59:01,4.45,405656,4.44,U
南宁百货,14:59:01,10.89,329500,10.89,D
华远地产,14:59:01,7.14,133400,7.13,U
南京熊猫,14:59:01,18.73,111774,18.79,D
耀皮玻璃,14:59:01,7.75,65000,7.75,U
世茂股份,14:59:01,12.88,91616,12.88,D
洛阳玻璃,14:59:01,34.4,45700,34.39,U
中国嘉陵,14:59:01,9.52,123700,9.51,U
广日股份,14:59:01,21.0,134800,21.0,U
博汇纸业,14:59:01,4.01,514500,4.0,U
惠而浦,14:59:01,13.55,73500,13.54,U
雷鸣科化,14:59:01,13.7,37800,13.69,U
文峰股份,14:59:01,7.61,102662,7.61,U
节能风电,14:59:01,16.72,41200,16.71,U
东风股份,14:59:01,16.84,53200,16.83,U
中国电建,14:59:01,8.25,172500,8.25,U
光大银行,14:59:01,4.27,586592,4.26,U
江河创建,14:59:01,13.78,130509,13.79,D
龙宇燃油,14:59:01,23.24,34492,23.2,U
川仪股份,14:59:01,19.08,105450,19.08,D
松发股份,14:59:01,61.89,11000,61.88,U
金海环境,14:59:01,31.44,25800,31.44,D
华业资本,14:58:51,15.28,122600,15.29,D
科力远,14:58:51,23.3,95414,23.3,U
凌云股份,14:58:51,17.98,74978,17.96,U
方兴科技,14:58:51,20.74,51100,20.76,D
游久游戏,14:58:51,25.99,164700,25.98,U
盛屯矿业,14:58:51,8.15,229736,8.15,D
中航重机,14:58:51,20.47,60700,20.48,D
广电电气,14:58:51,8.4,279400,8.39,U
金健米业,14:58:46,7.35,113400,7.34,U
光电股份,14:58:46,29.32,31747,29.29,U
太化股份,14:58:46,7.3,120318,7.3,U
大有能源,14:58:46,6.55,104700,6.54,U
华建集团,14:58:46,26.5,53100,26.47,U
综艺股份,14:58:46,16.51,166696,16.52,D
华鼎股份,14:58:46,10.07,122700,10.05,U
中信重工,14:58:46,7.36,136700,7.36,D
京运通,14:58:46,8.6,92500,8.61,D
海利生物,14:58:46,54.99,41830,54.99,U
中江地产,14:58:41,67.5,142000,67.5,U
上海梅林,14:58:41,12.83,71700,12.84,D
乐凯胶片,14:58:41,17.16,63750,17.17,D
国中水务,14:58:41,6.19,384200,6.2,D
有研新材,14:58:41,15.75,325504,15.74,U
海南航空,14:58:41,3.91,410000,3.91,U
外运发展,14:58:41,27.87,81800,27.87,D
标准股份,14:58:41,9.76,69020,9.76,U
恒顺醋业,14:58:41,23.42,62300,23.43,D
华联综超,14:58:41,7.75,91292,7.75,U
蓝光发展,14:58:41,14.05,243000,14.1,D
好当家,14:58:41,8.9,211600,8.86,U
六国化工,14:58:41,10.65,142496,10.65,D
康缘药业,14:58:41,24.12,30600,24.12,D
新世界,14:58:41,16.49,72700,16.49,U
锦江投资,14:58:41,42.77,72100,42.77,U
南京医药,14:58:41,10.58,342900,10.59,D
中茵股份,14:58:41,47.1,145672,47.0,U
锦江股份,14:58:41,50.26,26400,50.25,U
友好集团,14:58:41,12.06,118199,12.08,D
鲁抗医药,14:58:41,12.78,134300,12.77,U
宝信软件,14:58:41,65.89,10100,65.73,U
龙建股份,14:58:41,7.39,87700,7.39,U
中国中车,14:58:41,13.11,248328,13.11,D
依顿电子,14:58:41,31.48,28600,31.49,D
普莱柯,14:58:41,61.34,56600,61.35,E
银龙股份,14:58:41,18.5,30600,18.49,U
楚天高速,14:58:31,5.0,102000,5.0,U
中青旅,14:58:31,23.11,120450,23.11,U
金山股份,14:58:31,7.23,297370,7.21,U
浦东金桥,14:58:31,22.67,38100,22.67,D
光明地产,14:58:31,12.94,65400,12.95,D
汉商集团,14:58:31,20.19,62300,20.16,U
新钢股份,14:58:31,5.62,114099,5.62,D
华新水泥,14:58:31,8.13,167600,8.12,U
大秦铁路,14:58:31,8.79,122600,8.79,U
全筑股份,14:58:31,36.5,35600,36.41,U
象屿股份,14:58:26,13.34,102600,13.34,D
长城电工,14:58:26,10.4,95200,10.4,D
福日电子,14:58:26,13.66,76600,13.65,U
中恒集团,14:58:26,7.97,558000,7.99,D
中国西电,14:58:26,6.85,282900,6.84,U
高能环境,14:58:26,80.92,10400,80.8,U
华润万东,14:58:21,39.05,31100,39.05,E
南京高科,14:58:21,19.48,213500,19.48,U
中国船舶,14:58:21,36.0,69000,36.0,U
金种子酒,14:58:21,9.4,63500,9.4,U
升华拜克,14:58:21,10.88,218200,10.87,U
城市传媒,14:58:21,19.42,175600,19.44,D
山东高速,14:58:21,6.75,135700,6.75,D
仰帆控股,14:58:21,24.48,49100,24.48,D
冠豪高新,14:58:21,12.72,153200,12.72,D
莫高股份,14:58:21,12.9,202004,12.89,U
金杯汽车,14:58:21,4.9,237900,4.88,U
华银电力,14:58:21,8.74,104000,8.75,D
马钢股份,14:58:21,3.28,405400,3.27,U
神马股份,14:58:21,9.38,69200,9.39,D
王府井,14:58:21,26.81,55800,26.81,U
京城股份,14:58:21,12.26,72100,12.26,D
梅雁吉祥,14:58:21,6.99,446000,7.0,D
北辰实业,14:58:21,5.42,125400,5.43,D
中国中冶,14:58:21,6.54,751760,6.54,U
中国石油,14:58:21,8.47,466808,8.48,D
音飞储存,14:58:21,60.89,15000,60.85,U
健盛集团,14:58:21,23.43,31200,23.41,U
招商银行,14:58:11,17.1,141700,17.1,U
宇通客车,14:58:11,21.3,110671,21.33,D
云南城投,14:58:11,7.12,166180,7.12,D
*ST成城,14:58:11,22.53,41000,22.51,U
冠农股份,14:58:11,11.58,89800,11.58,U
桂东电力,14:58:11,9.92,84000,9.93,D
阳泉煤业,14:58:11,6.65,386400,6.63,U
五洲交通,14:58:11,6.45,87500,6.45,D
千金药业,14:58:11,19.25,42200,19.24,U
国睿科技,14:58:11,62.22,17600,62.2,U
绿庭投资,14:58:11,13.9,76265,13.89,U
九州通,14:58:11,19.09,57000,19.09,U
大同煤业,14:58:11,5.62,154695,5.61,U
连云港,14:58:11,7.06,144500,7.06,U
中国化学,14:58:11,6.98,127800,6.98,D
博威合金,14:58:11,25.25,19600,25.26,D
郑煤机,14:58:11,7.54,268600,7.53,U
星宇股份,14:58:11,37.6,47200,37.7,D
歌力思,14:58:11,52.45,15800,52.41,U
四通股份,14:58:11,40.88,39600,40.88,U
杭钢股份,14:58:01,7.97,60400,7.96,U
美都能源,14:58:01,6.18,314608,6.18,U
桂冠电力,14:58:01,7.69,115700,7.68,U
新黄浦,14:58:01,13.91,61000,13.9,U
同达创业,14:58:01,27.76,50000,27.73,U
通宝能源,14:58:01,7.03,43300,7.04,D
天津磁卡,14:58:01,9.4,127100,9.39,U
平煤股份,14:58:01,4.74,150930,4.74,U
歌华有线,14:57:55,22.89,86160,22.86,U
东风科技,14:57:55,18.16,32500,18.14,U
东方创业,14:57:55,17.4,40000,17.4,U
安琪酵母,14:57:55,29.48,29800,29.49,D
龙溪股份,14:57:55,15.1,118500,15.11,D
光明乳业,14:57:55,15.37,75600,15.36,U
轻纺城,14:57:55,8.38,144400,8.38,D
京能置业,14:57:55,9.1,128200,9.09,U
秋林集团,14:57:55,10.05,54300,10.04,U
中国建筑,14:57:55,6.52,1000896,6.52,U
招商轮船,14:57:55,7.39,206296,7.39,D
S佳通,14:57:50,18.83,31100,18.83,U
广东明珠,14:57:50,17.58,70200,17.46,U
汇通能源,14:57:50,24.18,55800,24.3,D
沱牌舍得,14:57:50,17.7,46900,17.75,D
亚邦股份,14:57:50,21.93,62600,21.92,U
宋都股份,14:57:45,8.37,89900,8.37,D
万向德农,14:57:45,22.29,64000,22.3,D
贵州茅台,14:57:45,215.7,19054,215.92,D
中航黑豹,14:57:45,16.2,154600,16.2,D
华新Ｂ股,14:57:45,0.747,80400,0.747,U
祁连山,14:57:40,8.73,76900,8.72,U
恒源煤电,14:57:40,6.27,78238,6.26,U
招商证券,14:57:35,23.05,241948,23.0,U
工商银行,14:57:35,4.63,666696,4.62,U
九洲药业,14:57:35,70.3,16100,70.1,U
维科精华,14:57:30,11.7,57000,11.7,U
宁沪高速,14:57:30,8.74,50000,8.75,D
东华实业,14:57:30,11.73,68000,11.72,U
亨通光电,14:57:30,16.03,311104,16.03,D
天士力,14:57:30,38.98,35100,38.98,U
哈空调,14:57:25,13.26,165300,13.26,U
金瑞科技,14:57:25,15.62,102600,15.62,U
新华百货,14:57:25,30.59,38000,30.65,D
天津松江,14:57:20,7.38,133200,7.37,U
昌九生化,14:57:20,15.17,56600,15.15,U
置信电气,14:57:20,13.2,150300,13.18,U
贵绳股份,14:57:20,14.56,57400,14.56,D
东方通信,14:57:15,12.6,201500,12.57,U
悦达投资,14:57:15,12.78,267000,12.75,U
成商集团,14:57:15,8.59,101500,8.58,U
龙江交通,14:57:15,4.88,80000,4.88,U
九牧王,14:57:15,19.94,24100,19.94,D
莎普爱思,14:57:15,55.08,11000,55.08,D
双良节能,14:57:10,9.78,95048,9.78,U
新安股份,14:57:10,10.86,103200,10.89,D
海立股份,14:57:10,15.79,45100,15.8,D
柳钢股份,14:57:10,4.32,117400,4.32,D
明泰铝业,14:57:10,14.94,79728,14.93,U
灵康药业,14:57:10,34.35,30500,34.36,D
万通地产,14:57:05,6.41,276600,6.39,U
山鹰纸业,14:57:05,3.75,214400,3.75,D
福达股份,14:57:05,27.76,33700,27.75,U
金地集团,14:57:00,13.98,126600,13.99,D
空港股份,14:57:00,16.4,57901,16.39,U
扬农化工,14:57:00,27.6,42300,27.61,D
八一钢铁,14:57:00,8.66,113496,8.66,U
上海九百,14:57:00,15.0,64400,15.0,U
锦州港,14:56:55,5.7,479750,5.68,U
武昌鱼,14:56:55,9.01,119600,9.01,D
红星发展,14:56:55,12.04,56400,12.04,U
伊利股份,14:56:55,15.1,318200,15.1,U
中国国航,14:56:55,8.56,175496,8.56,U
火炬电子,14:56:55,83.08,10100,83.08,U
深康佳Ｂ,14:56:53,4.24,82600,4.23,U
永鼎股份,14:56:50,22.65,77567,22.7,D
西藏天路,14:56:50,11.29,57300,11.29,U
美克家居,14:56:50,15.62,50200,15.62,D
江淮汽车,14:56:50,14.85,131776,14.88,D
百利电气,14:56:50,16.46,45200,16.46,U
老白干酒,14:56:50,56.77,15500,56.77,U
出版传媒,14:56:50,13.43,60200,13.42,U
上海机场,14:56:45,30.55,38900,30.5,U
中国联通,14:56:45,6.31,1012384,6.3,U
广州发展,14:56:45,12.66,150600,12.64,U
上海三毛,14:56:45,22.64,100100,22.64,D
银座股份,14:56:45,10.4,63300,10.4,U
三星医疗,14:56:45,15.59,48900,15.59,D
中新药业,14:56:40,22.13,43000,22.13,D
奥瑞德,14:56:40,48.88,70675,48.6,U
物产中大,14:56:40,19.17,132924,19.18,D
上海医药,14:56:40,19.0,65482,19.0,D
小天鹅Ｂ,14:56:35,18.22,6300,18.16,U
禾嘉股份,14:56:35,17.24,233600,17.25,D
恒瑞医药,14:56:35,49.84,42500,49.83,U
陆家嘴,14:56:35,46.74,24500,46.74,U
湖南海利,14:56:35,11.68,70200,11.68,U
昆明机床,14:56:35,15.98,139200,15.98,D
中国核电,14:56:35,9.93,1169312,9.92,U
天雁B股,14:56:35,0.61,72300,0.61,U
廊坊发展,14:56:30,15.43,76100,15.43,U
中国高科,14:56:30,18.78,121200,18.79,D
人民同泰,14:56:30,16.74,36900,16.74,D
广汽集团,14:56:30,22.47,31500,22.47,U
青松建化,14:56:25,5.89,161848,5.88,U
大连热电,14:56:25,8.04,123114,8.04,D
维格娜丝,14:56:25,34.58,18500,34.59,D
锦投Ｂ股,14:56:25,2.03,58640,2.02,U
香梨股份,14:56:20,22.78,64700,22.79,D
华电重工,14:56:20,12.5,86450,12.53,D
华泰证券,14:56:20,20.84,400296,20.84,D
新华龙,14:56:20,13.93,76700,13.89,U
鼎立股份,14:56:15,12.09,204300,12.09,D
湖南天雁,14:56:15,7.59,110000,7.59,D
星湖科技,14:56:15,8.7,105100,8.7,U
中炬高新,14:56:15,16.4,172300,16.34,U
赛轮金宇,14:56:15,8.01,137600,8.01,D
市北B股,14:56:10,1.58,76050,1.577,U
双钱Ｂ股,14:56:10,1.377,40642,1.373,U
古井贡Ｂ,14:56:08,25.86,5158,25.79,U
全柴动力,14:56:05,14.1,157700,14.12,D
万华化学,14:56:05,18.25,58400,18.25,U
*ST海润,14:56:05,2.96,745000,2.97,D
上海能源,14:56:05,10.3,105700,10.29,U
万鸿集团,14:56:05,13.69,91300,13.69,D
中天能源,14:56:05,25.41,60800,25.43,D
苏常柴Ｂ,14:56:02,5.78,30000,5.77,U
华斯股份,14:55:59,26.32,92000,26.32,D
通葡股份,14:55:55,14.71,133800,14.7,U
华海药业,14:55:55,23.7,55875,23.68,U
长园集团,14:55:55,19.29,105500,19.3,D
和邦生物,14:55:55,7.24,222528,7.24,D
氯碱Ｂ股,14:55:55,0.811,45400,0.808,U
宏发股份,14:55:50,32.39,25954,32.37,U
力帆股份,14:55:50,16.7,164100,16.83,D
广信股份,14:55:50,58.46,25445,58.4,U
粤电力Ｂ,14:55:47,5.17,66380,5.17,D
张  裕Ｂ,14:55:47,27.82,39000,27.95,D
武钢股份,14:55:45,3.54,238600,3.54,U
潞安环能,14:55:45,6.46,135000,6.46,D
韩建河山,14:55:45,39.5,33800,39.5,D
雅戈尔,14:55:40,16.19,160900,16.19,D
盛和资源,14:55:40,13.54,178240,13.54,U
日机密封,14:55:35,143.28,19200,143.28,D
青山纸业,14:55:35,7.49,235800,7.5,D
新华传媒,14:55:35,12.03,88800,12.04,D
*ST中鲁,14:55:35,18.76,100000,18.74,U
大名城,14:55:30,11.51,151000,11.5,U
上柴股份,14:55:30,13.79,57900,13.77,U
春秋航空,14:55:30,62.0,22200,62.0,D
纽威股份,14:55:30,21.4,43928,21.36,U
好莱客,14:55:30,33.47,25600,33.45,U
永创智能,14:55:30,31.14,22100,31.14,D
商赢环球,14:55:25,33.1,70651,32.93,U
鄂资Ｂ股,14:55:25,0.91,50000,0.909,U
圣农发展,14:55:23,21.19,60222,21.1,U
科斯伍德,14:55:23,16.62,69700,16.62,D
京东方Ｂ,14:55:23,2.37,207500,2.36,U
上汽集团,14:55:20,20.66,79274,20.63,U
国药股份,14:55:20,34.67,26400,34.69,E
湘电股份,14:55:15,20.1,101300,20.08,U
钢构工程,14:55:10,21.16,218818,21.15,U
菲达环保,14:55:10,19.0,343508,18.99,U
合锻股份,14:55:10,27.45,41700,27.43,U
山煤国际,14:55:05,4.57,153200,4.58,D
华电能源,14:55:05,7.6,496100,7.6,U
光一科技,14:55:02,44.77,59954,44.77,D
海泰发展,14:55:00,7.13,146100,7.1,U
航天晨光,14:55:00,24.85,40200,24.85,U
中材国际,14:55:00,11.86,80500,11.86,U
浪潮软件,14:54:55,46.35,142700,46.35,D
太极实业,14:54:50,10.87,233800,10.86,U
两面针,14:54:45,8.98,165984,8.95,U
*ST水井,14:54:45,13.22,37500,13.21,U
百隆东方,14:54:45,8.08,106500,8.08,D
北方股份,14:54:40,45.08,28500,45.23,D
国新能源,14:54:40,15.9,30400,15.9,U
首商股份,14:54:40,10.73,53700,10.74,E
重庆钢铁,14:54:40,3.31,331000,3.31,D
庞大集团,14:54:40,3.96,527312,3.97,D
达刚路机,14:54:38,24.9,54500,24.96,D
*ST光学,14:54:35,24.0,141503,23.99,U
新疆城建,14:54:35,11.6,96700,11.61,D
双钱股份,14:54:35,19.13,37600,19.14,D
新疆众和,14:54:35,8.76,151100,8.75,U
东安动力,14:54:30,10.44,152710,10.44,U
东湖高新,14:54:24,11.38,88000,11.38,D
北巴传媒,14:54:24,17.03,57500,17.02,U
哈药股份,14:54:24,12.33,108000,12.33,D
欧亚集团,14:54:24,37.12,45400,37.0,U
国电南瑞,14:54:19,15.44,526600,15.43,U
中航动力,14:54:19,46.85,71732,46.81,U
吉祥航空,14:54:19,71.98,29443,71.99,D
片仔癀,14:54:14,59.99,40500,60.0,E
时代出版,14:54:14,25.26,54500,25.25,U
柳州医药,14:54:14,93.49,12800,93.5,D
金诚信,14:54:14,31.6,36300,31.59,U
烽火通信,14:54:09,28.14,74400,28.15,D
山东黄金,14:54:09,22.28,190400,22.29,D
大豪科技,14:54:09,43.3,26600,43.26,U
苏试试验,14:54:08,88.3,16300,88.3,D
海越股份,14:54:04,18.3,60000,18.29,U
天富能源,14:54:04,9.69,64000,9.69,U
友邦吊顶,14:54:02,62.59,15800,62.59,D
长春经开,14:53:59,10.75,84400,10.77,D
特  力Ｂ,14:53:56,17.1,20000,17.07,U
天利高新,14:53:54,7.92,113000,7.91,U
法拉电子,14:53:54,43.19,46200,43.18,U
拓普集团,14:53:54,27.14,181448,27.15,D
安阳钢铁,14:53:49,3.09,383900,3.09,U
南京银行,14:53:49,17.55,131900,17.57,D
福鞍股份,14:53:49,51.3,18500,51.24,U
包钢股份,14:53:39,3.76,438800,3.75,U
亚星客车,14:53:39,14.33,36100,14.23,U
中金黄金,14:53:39,10.17,488168,10.16,U
天华院,14:53:39,17.0,33600,17.0,U
华鑫股份,14:53:39,13.5,106099,13.49,U
绿城水务,14:53:39,18.71,70600,18.73,D
皇庭B,14:53:38,11.91,30000,11.92,D
紫江企业,14:53:34,8.73,887840,8.72,U
鲁北化工,14:53:34,10.34,104200,10.32,U
民丰特纸,14:53:24,12.1,55000,12.09,U
山东药玻,14:53:24,18.99,30200,18.98,U
豫光金铅,14:53:24,17.38,158800,17.46,D
禾丰牧业,14:53:24,13.45,39500,13.45,U
绿庭B股,14:53:24,0.774,68700,0.774,U
宝钛股份,14:53:19,21.39,58400,21.4,D
岳阳林纸,14:53:19,8.6,188700,8.64,D
隆鑫通用,14:53:19,24.01,101200,24.01,D
福田汽车,14:53:14,6.41,312100,6.41,D
重庆啤酒,14:53:09,15.61,46900,15.6,U
金鹰股份,14:53:09,11.8,71900,11.82,D
工大高新,14:53:09,26.93,110300,26.98,D
九华旅游,14:53:09,52.27,20500,52.25,U
杭电股份,14:53:09,34.5,22300,34.5,U
皖通高速,14:53:04,12.98,41900,12.97,U
福建高速,14:52:59,4.06,201000,4.06,U
新华医疗,14:52:59,38.8,50902,38.72,U
恒通股份,14:52:59,39.96,39700,39.92,U
亚星化学,14:52:54,10.55,201100,10.49,U
山西焦化,14:52:54,6.07,156300,6.07,D
广深铁路,14:52:54,5.14,442200,5.12,U
中国汽研,14:52:54,9.3,41200,9.29,U
明星电缆,14:52:54,9.05,110800,9.07,D
龙星化工,14:52:50,15.25,86900,15.25,U
南纺股份,14:52:49,15.95,47000,15.9,U
宁波富达,14:52:49,6.92,96080,6.91,U
中国神华,14:52:49,15.07,85100,15.07,D
奥康国际,14:52:49,37.81,80300,37.82,D
新通联,14:52:49,57.86,18137,57.9,D
珠江B,14:52:47,6.9,41600,6.93,D
海正药业,14:52:44,16.0,155000,15.93,U
中电远达,14:52:44,22.3,304876,22.37,D
大西洋,14:52:44,8.35,106500,8.35,U
三毛B股,14:52:44,1.85,35400,1.848,U
郑州煤电,14:52:39,6.86,73545,6.86,U
华泰股份,14:52:39,5.77,180000,5.75,U
龙马环卫,14:52:39,38.43,37500,38.44,D
南钢股份,14:52:29,3.21,260800,3.2,U
兰州民百,14:52:29,11.3,129200,11.35,D
浙大网新,14:52:29,14.25,161100,14.24,U
风范股份,14:52:29,9.49,98000,9.5,D
五洋科技,14:52:25,74.69,37651,74.69,D
上海机电,14:52:24,29.64,31978,29.64,D
中国平安,14:52:24,35.42,306496,35.43,D
西南证券,14:52:19,10.1,1050296,10.1,D
健民集团,14:52:19,33.73,42900,33.74,D
福斯特,14:52:14,46.3,32000,46.29,U
卧龙地产,14:52:09,9.9,205300,9.85,U
瑞丰高材,14:52:04,21.94,75800,21.99,D
宁波中百,14:52:04,18.73,40600,18.74,D
上海电气,14:51:59,12.64,293000,12.64,D
盛洋科技,14:51:59,100.0,21820,99.99,U
盘江股份,14:51:54,8.59,208100,8.59,D
福耀玻璃,14:51:54,15.38,43500,15.38,D
爱普股份,14:51:49,63.77,21500,63.79,D
华资实业,14:51:44,24.15,94580,24.12,U
厦门国贸,14:51:44,8.69,163100,8.69,D
兰花科创,14:51:39,7.7,374800,7.74,D
安徽合力,14:51:39,13.64,72500,13.65,D
东材科技,14:51:39,9.04,108100,9.04,D
宝通科技,14:51:37,34.0,124000,34.08,D
海信电器,14:51:34,19.43,172452,19.43,U
新湖中宝,14:51:34,5.0,259696,5.0,U
万业企业,14:51:34,18.1,258880,18.0,U
*ST秦岭,14:51:29,9.45,66400,9.45,D
杭齿前进,14:51:29,11.45,75190,11.46,D
中国铝业,14:51:24,5.13,502800,5.13,D
长春燃气,14:51:19,8.39,128000,8.41,D
柳化股份,14:51:19,7.85,100700,7.84,U
江南高纤,14:51:14,6.85,319902,6.84,U
交运股份,14:51:14,13.38,110100,13.38,U
生益科技,14:51:04,9.8,204400,9.79,U
华胜天成,14:51:04,25.81,186200,25.81,D
宁夏建材,14:51:04,11.76,101300,11.78,D
联创光电,14:50:59,21.2,127900,21.3,D
四方股份,14:50:59,13.9,97300,13.88,U
陕西煤业,14:50:54,4.95,120400,4.95,U
用友网络,14:50:48,31.34,86200,31.32,U
凤凰股份,14:50:48,9.72,82000,9.71,U
凯马Ｂ,14:50:48,1.314,50000,1.317,D
广汇能源,14:50:43,6.64,237900,6.65,D
维维股份,14:50:43,6.52,400664,6.52,U
得利斯,14:50:37,16.49,111400,16.49,D
渤海轮渡,14:50:28,12.4,109700,12.39,U
酒钢宏兴,14:50:23,4.06,464648,4.05,U
金利科技,14:50:19,79.0,21000,79.19,D
鲁商置业,14:50:18,7.97,194600,7.96,U
云天化,14:50:13,13.53,162600,13.5,U
强生控股,14:50:08,15.25,183428,15.26,D
同济科技,14:50:08,12.73,212104,12.73,D
深物业B,14:50:01,8.41,32700,8.38,U
中直股份,14:50:01,55.13,30400,55.13,D
喜临门,14:50:01,23.57,91700,23.7,D
信威集团,14:49:56,27.51,228192,27.54,D
金龙汽车,14:49:41,18.66,23200,18.62,U
鞍重股份,14:49:37,84.48,532400,84.46,D
恒丰纸业,14:49:36,12.62,100000,12.62,U
桐昆股份,14:49:36,13.67,113800,13.65,U
宁波精达,14:49:36,52.0,8400,52.0,D
开开Ｂ股,14:49:36,1.439,38500,1.44,D
星光农机,14:49:25,48.8,37570,48.79,U
海天味业,14:49:20,35.46,20000,35.46,U
中毅达B,14:49:20,0.755,173500,0.751,U
津劝业,14:49:15,10.18,153566,10.16,U
广东榕泰,14:49:10,13.7,199100,13.67,U
郴电国际,14:49:05,18.6,56200,18.51,U
金发科技,14:48:50,8.32,278900,8.31,U
*ST厦华,14:48:50,8.03,100000,8.12,D
中天科技,14:48:45,25.0,632160,24.94,U
曲江文旅,14:48:45,20.29,46250,20.25,U
大连控股,14:48:45,7.09,355700,7.08,U
瀚蓝环境,14:48:35,15.76,70020,15.74,U
方大特钢,14:48:35,6.21,78500,6.19,U
西昌电力,14:48:25,10.85,41300,10.86,D
东方银星,14:48:20,35.2,76200,35.46,D
开滦股份,14:48:20,5.42,83100,5.43,D
华侨城Ａ,14:48:07,9.28,112096,9.28,D
鼎立Ｂ股,14:48:00,0.792,56600,0.794,D
开开实业,14:47:55,17.96,32650,17.96,U
大众交通,14:47:50,15.11,106632,15.11,D
国投新集,14:47:50,9.83,188400,9.82,U
航天长峰,14:47:45,36.67,60700,36.67,D
亚宝药业,14:47:25,15.15,109100,15.15,U
金钼股份,14:47:25,8.36,179400,8.35,U
洪城水业,14:47:15,15.7,109000,15.69,U
中衡设计,14:47:15,50.63,13000,50.63,U
龙元建设,14:47:05,9.97,300000,9.97,D
海兰信,14:47:01,42.91,198000,42.91,D
慧球科技,14:47:00,27.22,81500,27.19,U
运盛医疗,14:46:55,20.3,604800,20.3,D
国旅联合,14:46:50,17.94,128300,17.95,D
君正集团,14:46:50,11.88,708900,11.88,U
景峰医药,14:46:40,17.29,44000,17.3,D
康恩贝,14:46:40,13.41,217210,13.39,U
罗顿发展,14:46:30,16.0,389488,15.96,U
海欣股份,14:46:30,14.27,141648,14.3,D
安信信托,14:46:25,19.3,200500,19.34,D
天兴仪表,14:46:19,37.05,40000,37.05,D
啤酒花,14:46:15,19.34,89100,19.36,D
昆药集团,14:46:15,35.35,67267,35.36,D
北京银行,14:46:15,10.12,367256,10.12,D
沧州大化,14:46:10,12.15,51000,12.16,D
共进股份,14:46:10,52.8,41063,52.87,D
醋化股份,14:46:10,30.43,40700,30.43,D
仪电电子,14:45:50,11.42,157600,11.42,U
正泰电器,14:45:50,25.61,48373,25.61,D
康尼机电,14:45:45,30.9,32000,30.9,U
东阳光科,14:45:35,10.29,245460,10.27,U
富春通信,14:45:13,49.9,90800,49.81,U
安源煤业,14:45:05,5.85,205000,5.85,U
丹科Ｂ股,14:45:05,0.692,76282,0.696,D
四川路桥,14:45:00,5.07,800600,5.07,U
浪莎股份,14:44:55,41.34,34200,41.29,U
新华锦,14:44:45,25.9,109550,26.0,D
富瑞特装,14:44:31,31.19,50100,31.19,D
华北制药,14:44:09,8.72,376024,8.7,U
岷江水电,14:44:04,10.14,95300,10.15,D
大东方,14:44:04,9.9,132561,9.87,U
长江电力,14:43:54,13.84,137700,13.83,U
兖州煤业,14:43:49,9.76,50000,9.76,D
浙江东日,14:43:44,16.68,161800,16.65,U
外高Ｂ股,14:43:34,2.218,46900,2.212,U
第一医药,14:43:29,19.16,36400,19.18,D
日出东方,14:43:24,10.49,86300,10.48,U
国投安信,14:43:19,29.5,363208,29.3,U
金晶科技,14:43:19,6.76,264600,6.76,D
五矿发展,14:43:09,26.56,108304,26.6,D
滨海能源,14:42:58,23.1,34000,23.1,D
宝胜股份,14:42:44,16.78,83000,16.77,U
吉视传媒,14:42:39,6.48,204200,6.47,U
新南洋,14:42:29,41.0,32685,40.9,U
中国国旅,14:42:19,56.91,46100,56.95,D
宁波韵升,14:41:59,21.4,95308,21.43,D
张江高科,14:41:44,30.28,194704,30.28,D
中储股份,14:41:19,10.44,82300,10.45,D
开创国际,14:41:14,19.35,77850,19.32,U
凤凰传媒,14:41:14,17.27,150400,17.25,U
弘业股份,14:41:04,15.14,50900,15.14,U
紫金矿业,14:40:59,3.61,913600,3.6,U
*ST沪科,14:40:54,10.36,50000,10.37,D
瑞茂通,14:40:39,25.2,150363,25.3,D
华纺股份,14:40:39,9.62,200500,9.66,D
仪电Ｂ股,14:40:29,0.83,62470,0.831,D
金证股份,14:40:14,47.12,171896,47.07,U
大湖股份,14:39:59,14.2,160650,14.22,D
中路Ｂ股,14:39:49,3.24,31900,3.25,D
百大集团,14:39:34,19.34,60600,19.34,D
天科股份,14:39:24,19.04,79400,19.03,U
宁波富邦,14:39:19,24.0,54200,24.0,U
东旭B,14:39:10,6.02,78000,6.03,D
黄山Ｂ股,14:39:08,2.015,20000,2.015,E
深南电Ｂ,14:39:07,6.2,50000,6.23,D
洲明科技,14:38:40,40.02,19900,40.02,D
京投银泰,14:38:40,11.81,100000,11.77,U
设计股份,14:38:40,80.49,15000,80.46,U
厚普股份,14:38:25,86.7,12900,86.7,D
中视传媒,14:38:20,31.95,52300,31.81,U
上海建工,14:38:00,7.34,96500,7.34,U
中路股份,14:37:50,59.54,41600,59.54,U
广安爱众,14:37:35,7.7,89900,7.69,U
兰石重装,14:37:30,18.87,88200,18.96,D
旭光股份,14:37:25,11.5,167900,11.5,U
中船防务,14:37:15,36.61,32150,36.68,D
国泰君安,14:36:55,25.59,314200,25.56,U
上海家化,14:36:50,38.6,180530,38.7,D
ST荣华,14:36:25,7.13,103000,7.1,U
永利股份,14:36:22,36.73,40000,36.73,D
浙江鼎力,14:36:19,52.82,12000,52.8,U
澳洋顺昌,14:36:16,10.8,467304,10.8,D
三房巷,14:36:04,15.68,87349,15.68,U
天药股份,14:36:04,7.43,146900,7.43,D
雪峰科技,14:36:04,33.0,76476,32.98,U
嘉宝集团,14:35:54,17.6,63000,17.65,D
晨光文具,14:35:39,38.98,41200,39.0,D
东方网络,14:35:34,72.14,733308,72.14,D
开尔新材,14:35:22,23.0,100000,23.0,U
保千里,14:35:19,17.29,384900,17.3,D
宏达股份,14:35:14,7.96,112000,7.95,U
中国人寿,14:35:14,29.15,109800,28.74,U
山东金泰,14:35:09,24.44,39800,24.43,U
际华集团,14:35:04,12.02,349000,12.01,U
莱美药业,14:34:55,36.31,40500,36.31,D
红相电力,14:34:52,78.0,10900,77.6,U
鹏博士,14:34:49,24.0,428624,24.03,D
上柴Ｂ股,14:34:39,0.895,50000,0.895,D
东方证券,14:34:34,25.46,173900,25.44,U
新华保险,14:34:34,51.45,228304,51.46,D
东吴证券,14:34:34,16.35,254996,16.34,U
粤高速Ｂ,14:34:16,4.13,121948,4.13,D
大龙地产,14:34:14,6.85,171500,6.86,D
大商股份,14:34:09,56.42,63300,56.42,D
市北高新,14:34:04,41.51,236696,41.5,D
西藏药业,14:33:59,39.58,18000,39.56,U
攀钢钒钛,14:33:46,3.49,910000,3.49,D
黄河旋风,14:33:44,24.48,90076,24.51,D
陕鼓动力,14:33:34,8.68,84500,8.69,D
华鹏飞,14:33:25,38.46,20000,38.46,D
中国石化,14:32:43,5.0,2815088,5.01,D
海欣Ｂ股,14:32:33,0.895,77700,0.897,D
凤竹纺织,14:31:28,16.48,90800,16.48,U
西藏城投,14:31:03,20.0,99900,20.03,D
凌云Ｂ股,14:30:43,1.325,75000,1.325,U
龙韵股份,14:30:13,118.0,8450,117.96,U
宏达矿业,14:29:53,21.97,94000,21.96,E
中海海盛,14:29:53,18.14,102500,18.13,U
皖维高新,14:29:43,6.26,262520,6.25,U
三联虹普,14:29:30,88.44,86499,88.44,D
长江投资,14:28:42,20.37,79300,20.38,D
*ST乐电,14:28:42,8.54,100000,8.55,D
深大通,14:28:39,59.33,33600,59.33,D
江苏舜天,14:28:17,12.33,167200,12.33,D
东信Ｂ股,14:28:02,0.906,50000,0.909,D
深纺织Ｂ,14:27:54,8.73,30200,8.7,U
兰生股份,14:27:52,31.93,40100,31.95,D
上工Ｂ股,14:27:52,1.22,44322,1.22,U
黄山旅游,14:27:17,23.51,36200,23.52,D
汇鸿集团,14:27:07,13.82,87200,13.82,U
初灵信息,14:27:03,92.57,32000,92.57,D
西部资源,14:27:02,17.2,177932,17.25,D
波导股份,14:26:52,12.18,659704,12.19,D
腾达建设,14:26:42,5.42,373700,5.42,U
天保基建,14:26:39,7.13,200000,7.13,D
宏昌电子,14:26:07,12.52,121200,12.53,D
金山Ｂ股,14:26:07,1.076,40800,1.078,D
中发科技,14:26:02,26.0,200400,26.2,D
思创医惠,14:26:00,51.88,213500,51.88,D
爱建集团,14:25:47,15.0,273256,14.99,U
华灿光电,14:25:30,9.79,52848,9.79,D
劲胜精密,14:25:24,44.82,43900,44.9,D
健康元,14:25:21,14.37,116400,14.37,D
东方电缆,14:25:21,19.2,63750,19.21,D
保利地产,14:24:56,11.52,405296,11.52,D
天润乳业,14:24:46,36.2,30000,36.26,D
百联Ｂ股,14:24:46,1.87,36400,1.871,D
祥龙电业,14:24:31,13.43,50000,13.45,D
科恒股份,14:24:24,34.5,42283,34.35,U
*ST明科,14:24:21,12.56,207400,12.56,D
新城控股,14:24:11,22.4,251048,22.41,D
海南矿业,14:24:01,14.1,50000,14.25,D
临港B股,14:24:01,1.852,29100,1.85,U
凌钢股份,14:23:46,6.61,135400,6.64,D
沪普天Ｂ,14:23:46,2.052,61300,2.071,D
白云机场,14:23:21,14.21,100000,14.22,D
杉杉股份,14:23:21,34.05,59700,34.1,D
大连圣亚,14:22:46,47.24,30500,47.24,D
福建水泥,14:22:05,10.16,280796,10.14,U
精锻科技,14:22:03,18.22,30000,18.22,D
飞亚达Ｂ,14:21:54,9.35,40458,9.37,D
华懋科技,14:21:50,46.48,20600,46.4,U
浙江广厦,14:21:35,8.67,182200,8.65,U
宁通信Ｂ,14:21:00,11.16,31800,11.23,D
方盛制药,14:20:35,48.83,42800,48.87,D
*ST闽能,14:20:20,7.01,90000,7.02,D
三 力 士,14:19:33,22.67,151556,22.67,D
今世缘,14:18:19,33.76,48000,33.76,D
易事特,14:18:18,50.22,40000,50.22,D
莲花味精,14:17:44,8.6,347496,8.61,D
江南嘉捷,14:17:04,17.08,58300,17.11,D
腾龙股份,14:17:04,61.0,11200,61.0,D
新农开发,14:16:59,13.0,109800,13.02,D
晋亿实业,14:16:54,11.62,81800,11.63,D
鲍斯股份,14:16:33,53.33,54850,53.33,D
长白山,14:16:29,22.16,27300,22.22,D
*ST皇台,14:15:09,13.75,134900,13.76,D
华联矿业,14:14:28,10.47,84126,10.5,D
通化东宝,14:14:23,25.8,40000,25.83,D
科士达,14:14:09,36.45,31925,36.45,D
城投控股,14:13:35,21.25,200700,21.25,D
青岛金王,14:13:30,25.61,100000,25.61,D
振华Ｂ股,14:12:55,0.578,100000,0.58,D
机电Ｂ股,14:12:20,2.709,47500,2.706,U
联明股份,14:11:40,58.5,31300,58.66,D
阳晨Ｂ股,14:11:30,3.367,45237,3.367,U
林洋电子,14:11:15,40.0,30000,39.97,U
宁波高发,14:11:15,40.0,24000,39.99,U
石化油服,14:10:55,8.75,271600,8.72,U
宝泰隆,14:10:45,8.93,200000,8.91,U
长江通信,14:10:40,24.33,58200,24.36,D
诺 普 信,14:10:35,18.55,100000,18.55,D
亿阳信通,14:10:30,18.9,121000,18.94,D
*ST金化,14:10:00,7.16,250000,7.14,U
大杨创世,14:09:40,23.15,45200,23.13,U
华铁科技,14:09:40,42.05,64165,41.93,U
瑞贝卡,14:09:30,7.5,322700,7.5,U
驰宏锌锗,14:09:05,11.3,358568,11.27,U
立霸股份,14:08:55,55.9,28100,55.93,E
建摩B,14:08:05,16.57,15375,16.48,U
西部矿业,14:08:05,7.52,302192,7.5,U
隆基机械,14:06:53,19.91,62800,19.91,D
老凤祥,14:06:11,44.0,53200,43.98,U
天成自控,14:05:06,50.5,20400,50.55,D
华仪电气,14:04:10,15.75,120000,15.72,U
金山开发,14:03:40,19.25,50200,19.23,U
天房发展,14:03:10,5.51,162502,5.5,U
通策医疗,14:03:00,50.3,115100,50.3,U
贵人鸟,14:02:55,36.04,21197,36.1,D
长亮科技,14:02:32,79.32,21100,79.32,D
恒生电子,14:01:40,67.5,160600,67.38,U
神州长城,14:00:47,39.62,18308,39.62,D
深深宝Ｂ,13:59:41,10.28,30000,10.33,D
风神股份,13:58:34,16.71,40100,16.71,U
会稽山,13:58:14,13.82,35800,13.81,U
熊猫金控,13:57:24,36.47,31000,36.51,D
园城黄金,13:57:24,19.0,64000,18.94,U
吉恩镍业,13:56:43,14.73,540600,14.7,E
香江控股,13:55:33,9.87,200700,9.87,D
继峰股份,13:53:53,29.06,54626,29.01,U
神州B,13:52:56,16.94,22600,16.92,U
人福医药,13:52:42,20.91,126380,20.89,U
南威软件,13:52:37,124.79,15200,124.8,E
方大炭素,13:52:27,13.41,615600,13.42,D
金枫酒业,13:52:12,13.6,300000,13.65,D
北玻股份,13:50:49,8.48,548200,8.48,D
江西铜业,13:49:31,16.8,253300,16.78,U
骆驼股份,13:48:51,22.2,111561,22.19,U
斯莱克,13:48:34,47.88,10000,47.88,D
海航Ｂ股,13:46:48,0.674,66600,0.675,D
雷柏科技,13:46:34,56.41,20200,56.41,D
上海石化,13:46:23,6.83,1015200,6.84,D
永艺股份,13:46:08,81.25,15600,81.3,D
星河生物,13:45:58,27.93,40400,27.93,D
蓝丰生化,13:45:46,18.5,142100,18.5,D
江苏阳光,13:44:38,5.97,220000,5.97,D
湘邮科技,13:43:03,43.6,42600,43.57,U
智慧能源,13:40:42,10.24,266600,10.22,U
鲁信创投,13:37:02,44.32,116800,44.31,U
创力集团,13:36:16,26.3,100368,26.21,U
创兴资源,13:33:51,16.47,190000,16.47,D
石大胜华,13:32:07,42.25,173976,42.24,D
富邦股份,13:31:21,31.6,30000,31.6,D
晨  鸣Ｂ,13:28:09,5.6,110905,5.59,U
广济药业,13:22:06,25.41,173924,25.31,D
神奇制药,13:21:24,21.59,30800,21.59,D
汇丽B,13:19:03,2.043,47900,2.045,D
耀皮Ｂ股,13:17:22,0.746,44154,0.75,D
江苏有线,13:15:17,22.2,143100,22.19,U
江  铃Ｂ,13:15:00,26.0,10799,26.08,D
亚泰集团,13:13:01,7.4,404600,7.4,D
中体产业,13:12:26,25.6,349000,25.57,U
诺力股份,13:11:56,35.16,28900,35.16,U
花园生物,13:11:20,27.96,100000,27.96,D
三安光电,13:11:11,26.78,287700,26.79,E
奥飞动漫,13:11:08,50.6,75616,50.6,D
惠泉啤酒,13:06:14,15.73,70400,15.69,U
涪陵电力,13:03:39,32.22,30600,32.22,D
九龙山B,13:02:33,0.828,81000,0.83,D
汇金股份,13:00:17,61.9,76877,61.9,D
明星电力,13:00:08,14.5,226704,14.5,D
栖霞建设,13:00:08,7.02,46400,7.02,D
天宸股份,13:00:08,22.22,166600,22.1,U
电子城,13:00:08,13.04,58200,13.04,D
华贸物流,13:00:08,12.16,116400,12.16,D
闽灿坤Ｂ,13:00:05,10.03,58000,10.03,U
通光线缆,13:00:05,16.04,202900,16.04,D
海立Ｂ股,13:00:03,0.912,67000,0.912,D
大名城B,13:00:03,1.095,78691,1.095,D
方正证券,11:29:57,10.02,1012904,10.02,D
雪人股份,11:27:45,11.5,253800,11.5,D
瑞丰光电,11:26:24,16.0,97600,16.06,D
新日恒力,11:21:51,27.53,128600,27.53,D
大众Ｂ股,11:21:41,1.229,69200,1.23,D
延长化建,11:19:21,10.64,83285,10.69,D
金花股份,11:18:51,13.91,207300,13.92,D
大东海B,11:18:03,7.58,18400,7.57,U
粤照明Ｂ,11:17:57,8.06,100000,8.08,D
银江股份,11:17:33,16.96,20000,16.96,D
大化B股,11:16:41,1.64,45400,1.641,D
ST景谷,11:14:26,25.57,20000,25.65,E
深基地Ｂ,11:13:05,19.1,30290,19.25,D
晶方科技,11:10:45,51.62,102000,51.62,D
法因数控,11:09:23,20.2,56700,20.2,D
老凤祥Ｂ,11:08:21,4.063,20400,4.068,D
埃斯顿,11:06:41,76.09,30000,76.09,D
太平洋,11:05:16,9.95,1009600,9.95,D
茂硕电源,11:04:47,16.28,140200,16.28,D
中孚实业,11:02:40,6.5,419472,6.49,U
*ST狮头,11:02:25,13.23,60300,13.23,U
中南传媒,11:02:10,25.34,83129,25.25,U
仁智油服,11:01:35,14.87,906400,14.87,D
富奥B,11:00:05,7.15,30000,7.08,U
金桥信息,10:59:49,79.41,10300,79.38,U
三川股份,10:58:35,24.33,201296,24.33,D
曙光股份,10:58:19,14.8,225100,14.81,D
欧浦智网,10:57:05,41.84,304599,41.84,D
宝信Ｂ,10:56:28,4.16,21721,4.15,U
科泰电源,10:55:31,22.36,145300,22.36,D
*ST国通,10:52:52,23.15,39600,23.2,D
引力传媒,10:48:26,67.0,25000,67.17,D
锦江Ｂ股,10:48:16,3.474,15000,3.474,U
鲁  泰Ｂ,10:46:49,10.81,55700,10.86,D
博腾股份,10:46:07,27.41,116300,27.41,D
新宁物流,10:42:13,22.19,105500,22.19,D
本钢板Ｂ,10:39:49,2.92,159300,2.93,D
东兴证券,10:38:28,33.6,514000,33.51,U
中粮屯河,10:38:13,15.45,241700,15.45,D
华域汽车,10:37:28,16.86,244800,16.87,D
七喜控股,10:34:30,50.15,50900,50.15,D
厦门信达,10:21:33,27.9,74900,27.9,D
财信发展,10:21:09,42.79,177500,42.81,U
金盾股份,10:15:53,39.09,20000,39.09,D
锦港Ｂ股,10:10:50,0.614,84200,0.613,U
神州信息,10:07:47,45.19,225588,45.19,D
西部黄金,10:07:40,22.65,257198,22.62,U
深华发Ａ,10:02:23,29.78,43300,29.78,D
四川金顶,09:59:32,26.0,464300,25.95,U
鹿港科技,09:59:27,26.6,342298,26.7,D
派思股份,09:58:42,57.88,79700,57.88,D
宝钢包装,09:58:22,13.99,101800,14.0,D
威帝股份,09:54:21,51.87,38100,51.87,D
通达股份,09:53:22,51.06,571900,51.06,D
中源协和,09:52:40,55.18,79100,55.2,E
天马精化,09:40:27,11.29,34100,11.29,D
实达集团,09:38:28,18.52,388140,18.48,D
宏图高科,09:33:43,19.04,249200,19.01,U
*ST松辽,09:30:18,45.38,95000,44.99,U
麦趣尔,09:30:06,62.5,285100,62.0,U
辽宁成大,09:25:07,21.07,616400,0.0,E
安记食品,09:25:07,25.76,18000,0.0,E
道森股份,09:25:07,25.41,22500,0.0,E
博敏电子,09:25:07,20.58,19000,0.0,E
读者传媒,09:25:07,22.66,12700,0.0,E
凯龙股份,09:25:03,73.17,14400,0.0,E
