{
  "prefix": "https://jy.yongjinbao.com.cn/winner_gj/gjzq/stock/exchange.action",
  "buy": {
    "service_type": "stock",
    "request_id": "buystock_302"
  },
  "sell": {
    "service_type": "stock",
    "request_id": "sellstock_302"
  },
  "position": {
    "request_id": "mystock_403"
  },
  "balance": {
    "request_id": "mystock_405"
  },
  "entrust": {
    "request_id": "trust_401",
    "sort_direction": 1,
    "deliver_type": "",
    "service_type": "stock"
  },
  "exchangetype4stock": {
    "service_type": "stock",
    "function_id": "105"
  },
  "account4stock": {
    "service_type": "stock",
    "function_id": "407",
    "window_id": "StockMarketTrade"
  }
}
